x1,x2,y
6.5613274909338175,-4.6701059885344804,1.0
-0.38666770386061633,3.7771441178233927,0.0
-2.638769545082403,0.9464805356835473,0.0
0.6391914665049141,8.311730293441741,0.0
-5.106184821284244,4.280863449134368,1.0
6.181939953458726,-1.9268026868607264,0.0
10.538370419720103,2.262100352479712,1.0
10.365741210590956,2.5678762447188297,1.0
5.362308932722465,-3.0324838703085315,0.0
1.5349630603141016,5.224929950802227,1.0
6.766751511347767,-5.953265225065802,1.0
7.676152580681586,2.096508622959183,0.0
3.7016972365427154,-10.797606051357358,0.0
12.471447514430407,-4.166999911545602,0.0
-9.16248216436992,5.6073849064106716,1.0
10.748420647420481,2.846382508745947,1.0
-2.364014592726968,-8.767829335928953,0.0
4.984570721964607,7.71617285395604,0.0
-1.248286104830314,11.98104489728308,1.0
-0.3102086610164354,7.186773471696607,1.0
1.7213510411636712,11.924087011207229,1.0
-1.6356245955550879,-9.573258130338608,0.0
-3.9225782981801904,9.094336470988615,0.0
-5.307151270180239,-7.908532008184852,0.0
5.107627122545758,-8.131753252367714,0.0
-1.6558122969146112,1.6088806897464183,0.0
2.7308822062529323,-0.6413247035097813,1.0
3.347148749592183,5.2870669096356835,1.0
7.61308201959427,-4.176330688942802,1.0
-2.10000892030914,-3.4966296075538112,1.0
1.8116962202063716,-4.97455893560599,1.0
2.8829640763636046,-0.042145202054205244,1.0
5.0493306651755425,-6.2433471483077705,1.0
-1.1999167651268694,1.4719044413375224,0.0
0.28535789524076743,-1.4127330980042325,1.0
-1.3754264511717897,-1.7851259161790267,0.0
-3.2617077856430683,6.893064599899354,1.0
8.2608541811697,0.8470148939334794,0.0
-1.0144693731776826,13.49844290883765,1.0
6.689325749289886,-2.9678017848199483,1.0
3.21006651834029,2.747812616971855,1.0
8.435406124235511,-7.251391826465387,0.0
0.1537852837080349,-4.177715123811001,1.0
-4.160221105100188,1.8085671294089756,1.0
-8.024334481799526,8.431441394885312,1.0
8.191726638448149,-7.1374203150646585,0.0
-6.456097900425016,0.36094497989805463,0.0
1.4233181562466606,-3.4000632742617687,0.0
-4.1164432495569,2.4621909687989847,1.0
5.7690537585614665,-0.6352190184024584,0.0
6.105850574127661,1.560407245082498,1.0
0.3295462071896812,0.8010040867048717,1.0
3.8782070017897516,3.029552479649913,1.0
9.581923272937033,7.4074156932990345,1.0
-0.8588104225116986,4.330948400090884,0.0
-11.350593933896267,3.5155656244969498,1.0
-5.404007941151835,11.49394519413088,1.0
-1.3087337632617762,-1.0356493642172357,0.0
-0.6966863079183088,3.12805234928202,0.0
-0.2536691192539582,1.4514988877575323,1.0
-2.3242819881030297,5.592868042419823,1.0
0.008114241617488416,-1.3603924267708418,0.0
-2.7379551763348573,12.070881186553075,1.0
3.8624615188497557,1.8977934459628243,1.0
0.45641772133791936,-0.5615514664491903,1.0
1.1615366047120401,0.9820875779347851,1.0
5.581538120977315,-0.001581183067726033,1.0
3.6366900691438757,-0.4004963161587666,1.0
6.549192464337413,-2.9922314434179755,0.0
-1.871155678351592,-0.39545404480520574,0.0
4.884997094810311,-4.00230170143079,0.0
-5.263066733746055,7.651390384342507,0.0
8.02466149889213,1.6701662032779858,0.0
-7.230358135645212,-0.16483972846300132,0.0
2.389760292607851,3.46068728160572,0.0
3.412457974121283,5.627926917040162,1.0
-3.627578710430231,-4.25404356781825,1.0
10.662681506113845,0.6464640307585021,1.0
3.2518028711911064,-0.5242497802420308,1.0
1.397438082373836,1.8868385053194991,1.0
9.91618126053407,-7.697584219845069,0.0
-0.4351194394255451,-9.571312147292463,0.0
0.5854206797560373,7.889339291736947,0.0
1.582256530240319,-1.5171600185881315,1.0
7.505173990172739,5.876876322127417,0.0
3.3908479976078256,1.4829573907397304,1.0
-9.20611915661264,5.918000599914424,1.0
-0.4210680469027457,8.166215857619184,0.0
-3.548156705386136,3.054792021330962,1.0
2.6974426605958897,-1.977353773649003,0.0
3.885778698074316,-0.6250524100066754,1.0
-1.6130118906754993,1.8967201360760586,0.0
-7.551494457141137,6.182326905215866,1.0
-2.002797375699531,1.7195176574788864,0.0
-3.747047823025014,4.496400579712238,1.0
5.744939174571667,8.222690714948847,0.0
3.868252937719016,-1.6321225439069065,1.0
6.249823427810318,4.494560036870448,0.0
4.3945463489943775,-1.457318898098059,1.0
4.953996031990805,1.2546365990382546,1.0
0.2803791944416769,1.4122873257246193,0.0
2.340345080736559,-5.550317245621776,1.0
10.463777289678726,4.681662787385087,1.0
2.713446045820394,1.8230187768478885,0.0
-3.6206835824229673,-4.172358217378057,1.0
-6.350700645498732,-2.710220146870286,0.0
-0.44570996609215396,4.353350606857063,0.0
-6.748517852222188,-4.998151127699067,0.0
-2.151565988338766,3.4816001808898074,0.0
-4.08827704197647,-1.0780749398345304,1.0
1.3242490226681003,1.3159296323965195,1.0
6.854409063151635,-9.037624548461586,0.0
0.5446328117071365,-0.6656283044616256,1.0
2.335939358041047,6.317261043531197,1.0
-2.089875684117435,2.802556174363104,0.0
-1.1195347415168082,3.4594955923402093,0.0
-2.3754013697485004,0.9734993969990604,0.0
7.693986060222581,6.153609243560599,0.0
-4.471941425032708,10.845838499947801,1.0
1.9520437649123203,0.4957598147819786,1.0
2.1301694694280813,10.512786270918195,0.0
1.0137893075099065,2.029751041272084,0.0
1.0299045374794662,3.187993749290018,0.0
2.4486781844818966,4.533320005451759,0.0
-3.6094742811759675,-4.920237563816114,1.0
6.728720329563927,5.490308501919767,0.0
1.1473027300080836,-4.194266349596188,0.0
-0.4988050024031426,1.485740872381387,1.0
0.7070396567209504,1.3449967650876604,0.0
-5.528437736538941,7.124069858199636,0.0
0.9685961235042403,12.0547055206666,1.0
9.64716936320556,6.842375748523644,1.0
-3.2352197487445595,5.8551901876888905,1.0
2.151018868531166,-1.4819741740014658,1.0
1.0404219892023772,-2.7816711486159327,0.0
2.6865884036728502,2.8457634776044283,0.0
-0.3745259354238546,4.1113716728442125,0.0
2.746145679021083,8.059682006233066,0.0
-4.898031163927861,2.0156781104982047,1.0
1.4240125869622813,0.20420573692507052,0.0
-0.3414975256106296,2.283991258574634,0.0
11.220895788827873,-5.432155904815153,0.0
-7.837717103413725,1.2187290293621846,0.0
3.4063975852069204,5.397194426349496,1.0
3.710106482075637,2.890519772816704,1.0
-5.501130494192347,10.762540278252324,1.0
-1.9554122572593275,-3.687230967232381,1.0
0.27023946082957306,-6.252060657416814,1.0
5.618490828739132,-2.0714063232761566,0.0
1.1443733670620562,8.322691457408464,0.0
3.865828139830123,6.1149462091256215,1.0
-3.501762186282752,-3.38053020529749,1.0
0.5151245619487652,-3.8239659945473248,0.0
2.362380088209677,1.7305095382861748,0.0
3.522444257584048,11.733222319595978,1.0
1.0340867741501625,2.4170379089616225,0.0
8.250552174285179,-3.7256144638468625,1.0
-4.41813908513638,-5.243800552093922,0.0
11.687602579014024,-4.1176869218611225,0.0
9.398888136205471,9.723851180718636,1.0
-4.471743927397787,-0.7087303948492523,1.0
-5.765436573321693,5.430945025679769,0.0
1.5970959430195872,1.1836366544261776,1.0
-1.8264737067897419,-4.814378794061575,1.0
4.846667400779882,-5.9172071191533435,1.0
-4.53664861614218,10.315200510896904,1.0
0.10183325601369564,-7.12779073388506,1.0
4.341322475881596,2.7628768898604035,1.0
-3.7265760088053304,0.018516723990396056,1.0
-1.191635363554286,-1.3130741037629643,0.0
2.160813518861896,0.4939788445533666,1.0
2.1810528521461503,3.063555934417324,0.0
13.137093163817159,-2.5552599490209906,0.0
12.181355206169115,-4.847413842038376,0.0
0.7369011494034856,6.967403383731294,1.0
2.1182983276251606,2.8974669539429283,0.0
0.8525144260838207,1.5851942809244148,0.0
1.2201160696641375,2.3198722698402694,0.0
5.889662165298864,2.597103120798439,1.0
-7.948486314123766,2.019025775720545,0.0
8.962208549627553,-2.402440955933327,1.0
3.6304245462311022,6.119809799221007,1.0
1.9917163983559631,-0.8334749078797665,1.0
4.718130622416451,3.373288709879793,1.0
4.968210676795408,9.117901809411014,0.0
1.8419419952240812,8.247029393973522,0.0
-8.022649826893556,7.815594719182846,1.0
-3.1331423725637615,0.23375866602015624,0.0
0.8912329792040475,2.2653177699664737,0.0
-7.8606001970824835,7.765615888731899,1.0
4.322286721550315,7.4864880632708095,0.0
-5.901036338435126,7.111741096678443,0.0
3.020655387291127,-1.535921170528084,1.0
8.3294488248707,1.6151313286548383,0.0
-2.085745459216927,2.0637396580220355,0.0
4.0158661580408355,3.7096399516998657,1.0
-5.443464897083584,-0.2979221799553754,1.0
-2.554012131329432,12.428066269659732,1.0
-4.452838236930129,5.500315474623247,1.0
3.4464582904136645,4.149329401205545,1.0
1.1191739887626353,2.901752322146963,0.0
7.649373576411444,1.591375899902583,0.0
0.3885408982633878,1.836764821499358,1.0
5.54258127468875,-7.750092833451205,0.0
2.8304928463481356,2.041166670554956,0.0
-2.7794474178158035,1.670733660400233,0.0
10.059434431363517,4.5764083280331205,1.0
0.5822167025394323,2.059965878584162,0.0
-0.7747771627827331,-8.938503906983682,0.0
4.931407846325098,1.2229329443640748,1.0
0.6493322902292277,5.347349972926919,1.0
6.7983488713761435,-2.4777697631550417,0.0
2.5919593025594674,1.2202245962264757,0.0
-11.603309392443034,3.158924942893322,1.0
-1.4821861691927114,1.5252523542515408,0.0
-7.745835640066774,6.1636412185643845,0.0
3.562805258893397,-8.836667155873588,0.0
0.2433109935248382,5.197836641480814,1.0
11.332975275976363,-3.44511475411253,0.0
2.515332733543346,0.9116671955363486,0.0
5.604302490618004,5.089958647515784,1.0
11.980431996905608,-4.0012993853341285,0.0
2.959017929054286,-0.29155676070817127,1.0
1.6482683676459522,4.742174964990165,0.0
-11.360241012734818,2.8043608243419125,1.0
0.8416301298381339,2.9728392513700257,0.0
1.2123210520332186,-3.7704529713531043,0.0
0.24483054731235002,0.7357747974745604,0.0
1.558295750405793,2.100633564167525,1.0
3.2117534793915867,0.8612866064076711,1.0
-8.28462763360597,7.802584484520308,1.0
1.7471002971856084,1.9577547997928282,0.0
3.7602667546674367,-7.2948185308495574,1.0
3.130577670655532,0.5850017409630948,1.0
2.9323792234982897,8.080844910126642,0.0
11.239736901644987,-1.4443148917434976,1.0
-0.6889345060393368,1.8755487150292993,0.0
0.4986691230415857,1.1502547319923675,1.0
1.7156714398312989,-8.075093509442446,0.0
-4.6112528128553185,3.0742371048740376,1.0
-0.031030151886966284,2.0260032213985046,1.0
1.1547434464323318,3.721031546871847,0.0
-1.1614283103611975,-3.0449176636488837,0.0
11.523738739750574,6.264936062795329,1.0
-6.025702472763426,-6.441256026323774,0.0
4.207311725556167,-7.302773234281447,1.0
-1.9867567041863687,3.8567103048876112,0.0
3.808940864869215,4.380016023923854,1.0
3.5096403540118923,-5.0591691344561935,1.0
-1.8143060546051137,12.718983577509949,1.0
0.4555043930012654,1.0737188732147036,0.0
5.823183521362997,-9.119890913567037,0.0
7.261545299448042,-8.229269172582313,0.0
-4.218790253083816,8.794773175083538,0.0
-4.592706840754371,-4.746369300835794,1.0
-7.563893032373265,-0.5873078262459144,0.0
-0.8378655877074217,0.9852016076310133,0.0
-2.756807512453992,-4.145558270316705,1.0
7.16052199297804,-6.335790348011395,1.0
6.711406213566118,2.590438371408797,0.0
5.046828421112355,3.1207008974311954,1.0
1.1343792926371734,0.8349911917519355,1.0
-5.032450036023842,6.904621303825834,0.0
-9.134157890339303,5.078108890544973,1.0
-1.0446005991107543,0.8664628086844701,0.0
-5.78481278996593,-2.569469095813139,0.0
0.23361359334210396,3.936919770621544,0.0
11.229509268420834,3.274787384302503,1.0
3.9791909080796013,-0.8486070203876902,1.0
-1.4126967558044383,-2.6950816490107914,0.0
-6.844245752861712,9.634818209155508,1.0
1.5751800783635852,0.7382062951423474,1.0
-1.320528284731827,-0.8015874684440174,0.0
-0.7860938634787549,2.108424369506031,0.0
-1.7110293189936483,-1.3004126525659643,0.0
6.874927958353734,-5.047217622437618,1.0
4.435998393749319,4.62008964055932,1.0
2.3987233440676206,1.9075836758970444,0.0
5.127635401417492,-1.316441273776562,1.0
0.24708686491106907,3.5133961632121355,0.0
0.9318163658790013,2.8463234623763283,0.0
0.4716803480576531,-9.04572639572502,0.0
-3.992207890728566,2.411587208724402,1.0
-2.080975689913042,1.5004154255275002,0.0
-3.950357208859003,6.142864204773421,0.0
0.25783926182209205,-3.0137830435653266,0.0
4.669047228728649,1.8804195571334397,1.0
2.555746894334988,-3.0302695482875563,0.0
-7.485556860915367,-4.693055914962814,0.0
0.1517993925257567,0.7136008673029887,1.0
0.18338557580879872,6.716484758689208,1.0
7.946749792392354,1.814549346490331,0.0
9.171280928173793,10.111758089247974,1.0
-6.206327553232676,6.325644238894802,0.0
-0.5108532125778584,5.17266542419011,1.0
4.646981074465804,-6.3171447289115825,1.0
2.5971514310040416,1.2563827890015558,0.0
8.180564346862088,-0.001881308624910094,0.0
2.9333027083226817,0.7159483591185849,1.0
6.161571024494853,3.7356603903365526,1.0
-6.402791904346431,10.06478087013083,1.0
0.09798659732770343,1.7771877735146047,1.0
-0.42106045708338136,3.767011194058047,0.0
4.169794248571815,11.236427903627462,1.0
-2.874323626623107,-2.702293523525383,1.0
11.878311184155539,4.090521248043451,1.0
2.091732847395872,1.8222284268149922,0.0
-4.676192032445629,5.679283640086012,1.0
-4.723196454782963,8.842368216013844,0.0
14.9435858510676,-1.4867370565027147,0.0
6.212252455855408,11.983557414151209,1.0
-7.478880771216392,-3.8840364145829254,0.0
0.11258599799719549,-6.745755165313588,1.0
0.9946735992014754,0.83918751168712,0.0
2.385834951059211,6.341202468550025,1.0
-0.461114765932066,1.5840436314897066,0.0
-5.314021077619534,1.4678463822727013,1.0
-6.454362901292434,-3.1769025943743667,0.0
-2.0642475619728775,-5.603698150024947,1.0
2.835219307209911,3.4158042436583305,0.0
14.40300354340506,-1.2650418958554654,0.0
3.074580745678408,1.8063707664722584,1.0
1.70407614153953,0.6567807417403346,1.0
10.348144112841451,1.8844611863765381,1.0
2.875527433292323,4.072896037313753,0.0
9.492340097839378,0.22041615348922453,1.0
8.84175640196361,-2.1858114349159283,1.0
4.971886031787509,7.4727487438749,0.0
8.25970863436709,10.19775557321063,1.0
8.787300687036593,-8.271433526862474,0.0
1.192226678505214,-8.294108146408607,0.0
-8.778051451546085,2.6357194525697674,0.0
-2.0514623519080564,-0.40187254380438997,0.0
4.078534988107202,0.056999107409625216,1.0
0.5324855773312667,1.6244709182746893,0.0
2.079416947709939,-4.166827794361063,0.0
0.8974212154772236,4.352403905681329,0.0
5.356723383146762,7.895677474540436,0.0
7.598846003238584,-3.827872258392537,1.0
3.2914421245553105,5.5746432689886145,1.0
9.993037863947348,6.797767704470662,1.0
0.6692196870013525,0.1898135898056577,0.0
6.858220309321346,-9.539522912232568,0.0
-1.978507129951772,-8.294891457720903,0.0
-4.738258237093181,2.876575126833102,1.0
-4.2084375736718185,12.505758335515297,1.0
2.994212382503915,4.8470884493882735,1.0
0.9286904923975965,-8.261124936506913,0.0
-2.354652347308065,0.70402022349705,0.0
10.415552137607296,-0.6948715083762829,1.0
6.9210986186800465,11.214135717491022,1.0
-2.451491088019618,1.6746452814880768,0.0
2.4387788822294714,0.5266862381993618,0.0
-5.507164353301432,-7.071788043503803,0.0
10.678596441933374,-1.9767597348081907,1.0
-0.7389018367687604,4.772373893674767,0.0
1.6350813671509494,-0.049444089513449585,1.0
3.0581825376533187,2.4146274508775796,0.0
0.775338597250222,2.0766070491021456,0.0
1.1395725252623288,10.592826327154409,0.0
5.876321612760581,2.2899113101594453,1.0
-3.973433290423971,2.241453446509497,1.0
2.613513170021628,0.445089175016518,1.0
-4.607329910963535,-2.7036505441353142,1.0
1.9599472226825587,2.6759915876482703,1.0
0.039043758454412825,1.9701733259481073,0.0
-1.2421534903827407,2.1313716046696682,0.0
2.2996348968250206,-8.867371860744221,0.0
14.1904825373882,-2.2473887771953476,0.0
-1.0293501544326813,-3.238787002256161,0.0
0.9212870853807442,-2.335034772244534,0.0
9.168666935907055,6.669926949900458,1.0
-1.4966307337000964,-1.1297297313508605,0.0
0.3342256801235475,-4.6775408264492695,1.0
-2.541537288042171,-7.271759469289478,0.0
-2.1355823352522014,9.611314985858174,0.0
1.87575409321064,1.9018387310620553,0.0
-0.04831392092751141,-9.096912520787788,0.0
-1.8537106474577283,0.886650298756044,0.0
4.7125761633295795,1.050398080989442,1.0
-6.584499441762741,-4.110781945119173,0.0
-0.2651554434383965,0.8688357788223833,1.0
-3.3066347045669913,3.302289988764458,1.0
-3.5524852662930324,3.6362831437589334,1.0
-1.868802560732258,1.5698825331064166,0.0
1.895248908121785,0.8702315359438664,0.0
-3.744166176884339,10.567138016422478,1.0
-7.017903543617821,3.4061599394526736,0.0
-7.17287935340255,2.0283142737167297,0.0
0.28300738950975846,1.3526075599225684,1.0
-1.3604335634453197,4.470324013958169,0.0
5.437980531177589,-0.18865823297811213,1.0
7.266936868005105,10.785984640976205,1.0
-5.552601967717612,-5.205564278861797,0.0
3.502516788624661,2.6171777637994973,1.0
2.2049807637722356,-9.867083051606166,0.0
3.234396398155368,-0.7503990134929748,1.0
0.975081044684413,6.245655668647799,1.0
-4.508352743510116,-7.683471921941306,0.0
3.1178614171040264,4.134165456516953,1.0
11.321606812417645,7.144668662718571,1.0
-11.219497484814974,3.87613564435108,1.0
3.182576954325863,-0.1368262024562148,1.0
1.7818080918383659,5.828396905045252,1.0
-3.1849334073834576,7.18108594413234,0.0
-5.732649949992739,6.380540820374919,0.0
-2.3480158413142673,-0.08023807740537858,0.0
7.470921286290944,-0.594380230967928,0.0
3.6284395831773844,11.146298893493373,1.0
8.899668344043727,0.8054068774790651,0.0
-2.6506495537021317,-1.1614297295771006,0.0
-0.08133711444449926,0.16556005963428422,1.0
0.27081964175231055,-1.1682919917117243,1.0
10.16988426928546,-6.70830113280738,0.0
0.47835870081236737,-1.560655654827099,1.0
1.8723349102589488,-2.940669401748899,0.0
0.3893555402516786,-1.2756799829869516,0.0
-7.714840515545133,5.644922248991989,0.0
9.76926416518236,5.040545015590514,1.0
1.0224660890492752,-3.074888637073861,0.0
2.2488266796861294,2.4126278646002164,0.0
-0.3731197248352284,3.3027625958655933,0.0
0.043270017390800275,2.2055247992170304,0.0
-0.186616636139033,3.4955774235659454,0.0
-0.4173523589358079,-7.539331013446736,1.0
-4.09055759337546,12.5786126263645,1.0
11.197293127728043,0.987490332213655,1.0
7.310257754126779,9.48716961940542,1.0
4.677848914043787,6.000032930644255,1.0
10.748449715242185,6.570222398238491,1.0
-0.6175869109978307,2.342587485853464,0.0
-1.619172110098717,9.529767720008294,0.0
1.966314981430982,1.124654150293598,0.0
-0.9867897670834621,4.624798933606067,0.0
-6.506376870323132,-4.581134798666788,0.0
4.525060021664948,2.1790649818834598,1.0
3.4727479779310864,3.8311078868900763,0.0
-5.43743818419428,5.882339323017383,0.0
-1.7788303984117761,-9.826067690974188,0.0
5.871480685226618,10.284312185065852,1.0
11.457647052605466,-3.253847019965501,0.0
8.067912391763398,2.726154863180916,0.0
0.3820322163986616,1.6022505627613823,1.0
11.778145322402658,-6.642062593788607,0.0
-1.9452009336236993,-9.773135552010302,0.0
2.8794082373977687,-7.441014330347414,1.0
-6.851206231340399,-2.3930177417061045,0.0
-3.1949549489247184,10.37037867757572,1.0
-2.626726274520797,9.074776414602962,0.0
-1.9992355212904396,-1.381365618538279,0.0
-2.163641218002378,9.785730389299928,0.0
7.018737116573931,7.658489664274539,0.0
-11.36842579999584,2.881852094763798,1.0
-4.020115234237999,1.6774853608741274,1.0
-2.440451795614618,-5.681659322660713,1.0
2.6123656438145293,6.899407618060023,1.0
-2.2860703420316106,-1.1292911041533236,0.0
4.1304957135874165,-0.5588316733133534,1.0
1.4381752343395595,2.972674609166246,0.0
1.149828212437214,2.2561793146587914,0.0
9.688110304044388,-8.240979047678598,0.0
-1.2028858446909125,0.3066261322007726,0.0
-1.1223580594179996,-3.9833156519393507,1.0
5.559322025389443,6.645621996801403,0.0
-0.04576038286106854,2.0056531571286778,0.0
-7.58118985761883,2.9107832503739797,0.0
1.4314847211115773,0.9786848658823333,1.0
5.050584698816715,0.45205912319608377,1.0
5.627506079763604,2.6613344353608603,1.0
1.3454012696519477,13.72944415863129,1.0
-7.875700241957725,-1.0110045435776396,0.0
1.2880499491252735,-1.6816979845600284,1.0
4.39363902131568,-0.11234587485257275,1.0
-0.8304507734812905,-4.501453181129862,1.0
0.7191371706947608,0.3144650433501197,1.0
4.188758088117673,-2.1424961920374965,0.0
-0.2246245286510311,2.5680684331056156,0.0
-2.712089912814139,-3.068100776703934,1.0
1.6112385282845818,2.59950296450792,0.0
9.798385475260616,-7.800629535619848,0.0
-11.788123775439537,3.4091156855879228,1.0
-3.0169626638097418,-8.141712262846507,0.0
2.140590156139452,-7.758487478975337,1.0
-6.72016294744328,3.5598497065637407,0.0
1.4825155807425283,-0.25754855741389604,1.0
14.325845949510887,1.9649674706084221,0.0
9.933696892061668,6.481706193860504,1.0
-5.632942558202178,-6.7505152517259726,0.0
1.3458637355339085,6.937399149855377,1.0
6.108553658986349,10.298436967330243,1.0
5.53857698703588,4.473030991212555,1.0
2.3493629482470375,1.3609911246443644,1.0
4.729055246376016,-8.824795521889857,0.0
2.8254754252251626,2.047331493239077,1.0
1.8085991897681448,10.293452311690515,0.0
2.259984604219551,2.6020593891743893,0.0
-9.030164924094823,3.0180812450865524,0.0
-1.2351924640700531,1.428163192528791,0.0
1.4354809831115831,12.245565214168991,1.0
3.5585971973561374,1.0771147284211076,1.0
-5.482997847184702,1.9798027751793554,1.0
1.222833541843975,-8.998472499811104,0.0
5.456605423307021,12.408628222676619,1.0
2.1542521571169146,0.3422089516837039,1.0
9.973418456224573,-4.8986146811120115,0.0
3.035742289352517,0.5511933936399915,1.0
-0.12481639838801817,3.1283466658461414,0.0
-3.295866658546048,12.632133826371252,1.0
2.422380154357471,2.4539281895534946,1.0
-3.948163580519205,-0.43740396418217387,1.0
-3.0645196571331135,6.382566171030573,1.0
-2.3678928256714973,-1.2979813176799966,0.0
-5.977019967167328,-5.362712107777375,0.0
-8.877609205803706,-2.904570700823923,0.0
9.712724492837886,-5.2070921223383095,0.0
3.732527439222942,11.607029309884744,1.0
5.84903190085106,1.036368240303061,0.0
2.702693042963727,1.2229389701480775,0.0
-1.5940751866793068,3.14074018093987,0.0
0.7645243429338913,13.165435514543999,1.0
0.19331648627110287,1.6303381616860968,1.0
-1.984573659050593,-9.485323268958656,0.0
2.3030662277560574,10.589885221618571,1.0
-2.6289991084304347,0.25499805626867955,0.0
5.246773111364844,-1.2658910276489985,0.0
1.7685155187650807,6.000179643795498,1.0
11.6369679323857,-6.2518396289023865,0.0
4.544036288155809,-0.5657627531955008,1.0
4.362854577656566,0.4785261419032938,1.0
1.1231033213863253,-1.495245643972467,1.0
3.759589238576832,13.098953496270468,1.0
4.933831497303952,3.395889487641644,1.0
0.14075518167200488,1.9576246648587972,1.0
-2.3142758362854523,-5.55875714018396,1.0
3.4079930168200203,1.5785551716530082,1.0
2.7546218368646738,1.3439439920826763,0.0
-7.8972172021191644,-2.039574408280442,0.0
4.981987102809688,-7.4983014358791245,1.0
-3.799367244358419,-2.6656920629302947,1.0
-1.6946313432782343,1.6208685469836455,0.0
-3.2081231757637707,-2.3705817732065437,1.0
7.240193530942973,-4.878550185448274,1.0
10.772155904767336,7.605355042854948,1.0
1.2559911197618963,6.785040477253975,1.0
1.4843368768707748,1.987801886360971,1.0
6.919712526441741,1.2095587657951248,0.0
0.9514144909212341,-0.9087095952654978,0.0
-1.7808677486260571,10.175037286071904,0.0
1.780868650856346,1.1169859190992537,1.0
-10.7227547661684,3.153303177763506,1.0
-6.280614516269214,1.475970186458682,1.0
-0.5402545584808196,-2.887066167815896,0.0
-6.9203593254637275,7.951847869294563,0.0
-4.002693097868974,9.304268339432781,0.0
8.418442266404027,-2.3427896974434663,1.0
-6.757810421734641,-2.1050419774629736,0.0
2.0467240234604125,0.1692340344485349,0.0
-1.4892450163211102,2.788464711366648,0.0
0.14709595154322064,-1.9436689730867567,0.0
-5.100771521244424,2.6533161110405303,1.0
2.843413474845036,-0.5258684044162797,1.0
3.4916263283391755,-8.287731238423635,0.0
1.9317460532140067,1.3151311971241921,1.0
-0.09658454316663212,-7.3256026796546365,1.0
0.006907230172445766,-8.11320985120732,0.0
5.007472116166457,7.369836604652353,0.0
-8.013665681713706,3.869150622553496,0.0
4.100643230650701,7.293023494550663,0.0
0.3419375346053195,13.050279654407525,1.0
5.613448622786241,6.603486197164834,0.0
6.480556888126249,-5.639234041606178,1.0
2.4040117069546483,4.364701710085596,1.0
6.57951065197857,-0.7226855861650111,0.0
-2.236770713957708,-9.557471176123281,0.0
-3.2389502115492466,6.756444912419354,1.0
5.733110526312203,-8.690953130440962,0.0
3.0624622511534096,0.8482251620676082,1.0
7.605105282858667,5.317404193661469,0.0
2.550055766972236,4.454885355616769,1.0
4.359800715001771,0.011897009350374299,1.0
-1.9885283751668648,-6.528938005216823,0.0
-2.22307337364861,-7.588640593672041,0.0
2.7340900148443943,1.1866395524609423,1.0
1.4802819473828914,-6.379710914670397,1.0
1.7094752290762263,-0.8930930942159506,1.0
1.6798509897948724,2.338494219094573,0.0
3.5412412231553967,2.565879812637394,0.0
-5.039618604725231,1.7329307356577752,1.0
-0.020347091647746507,0.1325293805336729,1.0
4.466644612157774,8.486150680111765,0.0
7.500462789033404,-8.775619237877489,0.0
10.992816462055135,-0.8303676287498152,1.0
13.449355009501433,-1.3965317100649808,0.0
6.666368554079208,7.589487587933422,0.0
1.457973465145694,2.2333390978266374,0.0
-0.7666506149518573,-1.7938723776661933,0.0
1.3495789722301055,8.148091989231206,0.0
4.644079243602423,0.9826325754862213,1.0
2.861019970219041,13.624225740128276,1.0
2.088453138013952,0.1565200126792416,1.0
5.913111932888738,6.649238796890812,0.0
2.2773290512057947,0.6110823800336813,1.0
2.992766262777826,3.8560015548112196,0.0
10.43315673865258,1.340003630213455,1.0
4.227404474936499,4.70841490711443,1.0
0.9532028357152178,-3.750173828563249,0.0
7.176633012882181,-1.1903837944717512,0.0
2.9929039554522086,-6.657624402700919,1.0
11.42266788837652,-1.1763269720150098,1.0
7.758603563122945,1.219280348200749,0.0
-2.158301878049164,-1.6385065836037853,0.0
-12.03330613207492,2.719504886188337,1.0
0.2122075214355461,-0.5302554786732565,0.0
1.2148037815878965,2.403712153977325,0.0
1.1003195567064155,0.7458649010715441,1.0
-6.329917252910884,-0.5656461685238058,1.0
-7.092804257068005,-4.675810691404942,0.0
-3.3803946987489,-2.5203379431065662,1.0
1.0443506051445812,-0.21553759615232992,1.0
-4.065479902883994,8.4038056002767,0.0
11.108365729470755,3.028176126436387,1.0
14.11619978285251,1.4993582721490692,0.0
-10.394654572306301,6.106366630770261,1.0
4.056136371652326,5.155906254352383,1.0
1.8857864511470028,-9.131312321422804,0.0
0.830946342941089,-3.6563619941957826,0.0
1.6826981970760617,12.125072764856329,1.0
10.915117923050458,-1.7608024306687837,1.0
1.885239450193413,12.071779997521338,1.0
8.495517670962673,-2.659044142943506,1.0
6.403961853931618,-5.638644510079438,1.0
6.426609600707428,-0.9313537650937466,0.0
3.898499171411173,-0.1663122180216241,1.0
3.0323594866556665,0.5208830672132219,1.0
-4.136571565691517,0.8132766213426229,1.0
-7.865651004778325,9.025515891605483,1.0
8.809892780807669,-9.489737506465591,0.0
0.569221881574083,2.0156400959220577,0.0
3.78938540254567,3.468622039182477,1.0
11.641741888909847,-4.721975812852032,0.0
-7.8469656286653,10.460947802940984,1.0
0.40152243338743526,0.2102580108036472,1.0
-2.3966433305464294,1.482472932242019,0.0
-2.8971698796293808,11.76818965603123,1.0
2.0165731880729423,2.3251538516346444,0.0
-0.06401943336741911,1.5322579007404449,1.0
-5.831156241098307,-6.615659782657556,0.0
1.9989110849285792,1.5339677972577128,0.0
1.1919560400010532,0.7511147578454989,0.0
13.557312278795418,-4.5850284814781785,0.0
1.4606635763517681,1.6344596134064036,1.0
7.376277748673283,5.198595474244149,0.0
5.427056393953601,-2.7829677709830016,0.0
6.7588775304580775,-2.0457939088842876,0.0
-2.558493057755069,-2.0600957417660215,0.0
4.543371310612738,-0.4560924743712807,1.0
3.5256919335012347,1.047203995993122,1.0
1.8849156659852941,5.364769600159787,1.0
7.745980244065995,5.4126834727869575,0.0
-7.797490435450438,-0.011825774584417914,0.0
-0.4358220285278871,2.3640667372618007,0.0
-7.880821759151169,6.049661251399524,0.0
8.395850283610168,9.21699629785407,1.0
6.969144005414164,12.38973442317983,1.0
3.1724467702050525,-0.6643257792218178,1.0
2.836108692374865,4.243010449357402,0.0
-6.7200919895794655,5.276715006039282,0.0
-0.9654473460003683,1.4169398592444036,0.0
1.1264742159690626,3.4625563145665783,0.0
3.9497377454249643,1.7784583445038649,1.0
-7.877082796274082,0.15201218608519307,0.0
11.427415697052327,-3.640214758302286,0.0
-7.92272755279178,2.8654767014606977,0.0
13.749207672760408,-0.951961872489161,0.0
1.01300621392019,1.0863129063577175,1.0
0.037352869558292756,1.8736386241196898,0.0
10.406524667876129,5.169730095207941,1.0
2.9298903106628416,4.964755807637242,1.0
2.2081383094166873,0.4393983858796407,1.0
-7.7199718666393125,7.1626934954628485,1.0
3.524611712873889,5.897514313531959,1.0
0.5846781316141483,-9.656251356039583,0.0
-1.713321927761683,-2.395540820099422,0.0
3.402611398236237,-1.1514352266114787,1.0
1.1966067680845733,1.905103104859977,1.0
6.289689302579813,11.318066966777897,1.0
0.8689771208704196,-6.346710583007946,1.0
0.268663011570683,0.5217316826704155,1.0
-4.823281400745832,7.0175225867662085,0.0
-4.153286723085012,-4.017599259936333,1.0
3.2805686901018696,-5.295849678417271,1.0
6.977133578357928,-8.45230219052155,0.0
1.7022427949560885,1.0633196428302503,1.0
0.9377759144242606,-0.5690375660941402,1.0
1.6378304499995793,10.792987261523496,0.0
-0.7967166913349639,9.420173707156007,0.0
6.8639832459934835,-0.22091803442485625,0.0
0.8533409948450812,10.018813823276416,0.0
-0.1931572119735292,-0.6138382353410882,1.0
7.121053148348157,-3.6019031404460717,1.0
6.919619853929287,-5.26317887694968,1.0
1.7872673673374377,3.296316092986152,0.0
5.151583605945207,0.6211404780783985,1.0
2.2664527944090285,0.3448618135520667,1.0
3.3228686833097103,13.399166712688876,1.0
6.4939757402606775,0.18883161374376534,0.0
-6.559457625547289,2.399230233869383,0.0
-0.4194787665248587,9.42430665750959,0.0
9.811585479043318,-1.7006618644703293,1.0
1.9050683272056002,12.305800600981515,1.0
2.539735580057628,-5.770892495823686,1.0
0.5407589768094361,13.125384046315498,1.0
5.777138060943376,1.0661722541565293,1.0
-0.519239197142904,0.7046948005765108,0.0
6.282663907038133,-0.9683788616413511,0.0
1.1100205301850417,-5.587263924455253,1.0
-6.5300560150545826,-5.236019664171434,0.0
4.955676730734159,5.57645493238852,1.0
-1.2334251925938373,2.504156205869081,0.0
-0.08189254259245815,-2.6778708180679893,0.0
1.1921480645130225,1.6043126032156279,0.0
8.434288406345344,-6.321420831787801,1.0
-10.485027674844872,6.882288741358691,1.0
3.4653533900716713,0.30133966418956537,1.0
2.433448608880775,1.7877231154260835,0.0
6.478580488876011,-4.559690391855778,1.0
-0.21328981499939437,3.7973887337444516,0.0
-1.0907192576020712,3.2241700672556446,0.0
-4.800122039212463,-3.657521937966738,1.0
-2.4859154331252427,1.9407215124435386,0.0
3.119538939687345,-0.7360630389627949,1.0
2.180511210452746,0.18558466374824167,1.0
3.434625062785104,4.118599521426525,1.0
3.0455801160783347,0.669321443797444,1.0
-7.91616365150009,-3.445439755168926,0.0
-1.0597321053571624,0.05543284701618001,0.0
6.046583698655095,1.5671646437776945,1.0
7.8681029046554265,-3.6392593107170903,1.0
2.5598975986728827,-6.941100787060826,1.0
3.831209031778377,4.462625411225722,1.0
-2.4804754502976034,13.1407009322266,1.0
-5.288497418425409,-1.844419882225961,1.0
15.312093709971888,-0.0631168766284308,0.0
2.279421503616001,4.752340546072897,1.0
0.7923604029859026,9.138797459880724,0.0
0.010044764314958099,2.721092579672595,1.0
-0.02687668744393168,3.2335737035723993,0.0
1.7610822553106145,0.09190895301115355,0.0
1.8578460752935806,7.982389032574888,0.0
1.0493828402938834,0.43285113084778787,0.0
6.687550149374093,3.8555623921492423,0.0
-5.133681548917521,2.820039850153134,1.0
1.1709524533326303,2.9306157406057913,0.0
3.491301822127868,1.348794978143723,1.0
0.7083251072075618,3.5748358364724613,0.0
-2.5066454528906084,5.964097163032189,1.0
-5.516140626004835,7.089187463527403,0.0
-0.3323763591202411,3.3231346163648086,0.0
2.7830067116738313,-6.813522363323158,1.0
11.754495637643199,3.5538117079951603,1.0
4.195666391364204,9.777308157029214,0.0
0.6762328752985205,-10.2478939100258,0.0
3.987283953292537,-2.5244404222536083,0.0
7.022107497906457,10.957184750836731,1.0
-7.661386702939813,7.684751408131173,1.0
5.450752613080397,-0.5357682701193343,0.0
0.28428718207192205,3.1946847246197496,0.0
-7.476443479820023,0.7511256748578359,0.0
1.0108586685906302,-2.762918934876758,0.0
-5.802572364612093,12.426373447431077,1.0
-5.856586954915979,8.533437837121243,0.0
11.081082413843287,0.3592887023583078,1.0
4.945940000159256,-6.99608465087249,1.0
2.4293661687206893,-4.098921600139534,0.0
1.4697746433095265,-1.5159338750553342,1.0
3.9501098941738277,1.7953921480064157,1.0
11.436571822090354,-6.263238426535796,0.0
-1.3673578583011365,2.9266600274647607,0.0
12.06975437153939,-3.66143803405719,0.0
1.6087240164505228,9.549505843176687,0.0
7.791256164022816,4.9435624253695,0.0
2.5258357678405985,13.00290335401554,1.0
3.8289180210295255,-0.8247879327924102,1.0
-0.0699408681578515,1.8750513389293801,1.0
0.7498117852022133,11.942808210023218,1.0
-7.957064191918201,-1.834058806419885,0.0
6.91667880170362,9.723787081706323,1.0
-3.7712820828750653,3.8723452650328376,1.0
-7.162447895598996,4.373490168520886,0.0
-6.349536892121891,4.932189098791975,0.0
10.496823549656385,0.452206570508227,1.0
7.028722160353489,-7.32127544273382,0.0
7.227490613829748,6.434319336120744,0.0
-3.5924059389463103,12.348911077652023,1.0
-5.95364111561752,2.560408579947931,1.0
1.5042143744002208,2.5136347635258818,0.0
0.4802594798287375,0.12082416632260962,1.0
8.626809015825094,2.0762314771608934,0.0
0.1343233045497716,1.4252428598638804,1.0
2.6832348526978476,0.03765424288614194,1.0
2.338838952760745,6.657902631060825,1.0
2.040019707588352,1.1713446761221822,0.0
7.105993691625659,6.714765613917483,0.0
11.00665885475372,1.4354536908636788,1.0
-4.292699298936603,8.855823008784267,0.0
-6.957673787985312,9.712811037122805,1.0
-0.02112828891154045,1.3250561086158597,1.0
0.007487528009062272,-9.627694007203559,0.0
10.415321711310284,4.824516216577077,1.0
0.4467853712727871,4.495522655547193,0.0
3.7496988449745374,13.544143235625079,1.0
5.480176377326304,2.2958842463264792,1.0
-3.677832845191403,3.8458768362385505,1.0
3.7946523945211332,4.868449818135396,1.0
6.144478595933933,3.615163227400761,1.0
5.2991935231069,3.2600000874877932,1.0
9.274825895094509,-6.610769318529119,0.0
9.585861982351126,-4.336660312847233,1.0
-3.7288335078465806,1.9551899649634228,1.0
-2.8732741370454855,-0.934753364025228,0.0
-8.979300919120895,9.219451269929547,1.0
9.958047451943587,9.023386473561189,1.0
1.6328744109834157,2.925897172343362,0.0
8.484302934484827,-5.460576616359363,1.0
7.497721457614738,-1.906555336389911,0.0
7.540580302999345,5.794045158451965,0.0
3.4444570199137328,0.05072609629343816,1.0
0.17066874538162402,3.861192320500411,0.0
-0.12691219751397342,-0.040709081021885196,1.0
-0.08286785675918981,-2.1103649193882363,0.0
1.1603403264738308,2.6259544024919683,1.0
11.602664629038099,-1.4137142595229548,1.0
3.511360997972538,-6.311218511689088,1.0
-10.195958889946535,3.594025665630986,1.0
2.368575522407903,1.3329131590019974,0.0
-1.9558582604029953,1.3646599154161088,0.0
10.83970844731191,7.79789166955846,1.0
1.0884654865704146,2.945628803545409,0.0
10.84840778640075,1.2035317930178666,1.0
10.25688829061587,5.5886858102430175,1.0
2.4624288601848554,-0.9799892385466183,1.0
3.128346240080343,-1.259627133648586,1.0
2.7631471632737514,3.1826014856113343,0.0
7.410504649501322,-2.733692097998487,1.0
0.09881161122022242,4.144305683669481,0.0
0.5827099467399739,1.9367364855117497,0.0
-4.04287932130655,-4.4068661924015435,1.0
2.6312953868737416,5.850187016622122,1.0
-0.9907614159416958,-4.87441802295028,1.0
2.729814108702895,7.618065830831567,0.0
-1.7863522304585604,0.11556577477021435,0.0
0.9190163898153239,-4.0239296928622075,0.0
-1.9261643457633042,-9.146559475249008,0.0
-11.689557092433168,3.5968125362759977,1.0
1.8200352235455282,-2.1355447566442773,0.0
-4.061137435695921,3.854961499535779,1.0
0.6835545609622564,5.683646978909134,1.0
5.904215710997681,-1.8736748615493763,0.0
0.03690034830465594,-9.365438453349388,0.0
8.621341321692162,10.434291758840121,1.0
7.259083300259245,11.586401078350193,1.0
4.293973334792046,3.6817037068825647,1.0
1.9913885530478384,3.1664573129418345,0.0
7.8707352201048195,-0.9253165802182305,0.0
0.9098825995979145,3.995879182975939,0.0
-1.2975944237273793,-1.3797154403627518,0.0
3.1362072140306636,2.8713823772945464,0.0
13.11727840729418,1.6113829801063655,0.0
0.5403976185518637,3.19761303320926,0.0
-7.029076032887735,3.058494563414916,0.0
2.780119076365291,-2.9419488948700447,0.0
5.08117412778894,0.9072412064583979,1.0
-2.349852887612571,-9.11760927569521,0.0
-11.616580055162196,0.25207732767594465,1.0
5.212045102784208,1.2548305295313211,1.0
7.108254234440919,-4.61360909276414,1.0
-0.7354270563856221,-2.227151406485537,0.0
2.5291116781385394,-3.223546638213441,0.0
-9.372434050220146,6.520181143498438,1.0
2.2672566927269373,-0.6723326690705733,1.0
6.171619215983628,-3.4548387211095597,0.0
-4.010836458418315,9.793126265087455,0.0
9.98973235823798,0.5320537490935116,1.0
1.7171815603610474,0.1967873333862348,1.0
1.6550491196379062,-0.17859806729142957,1.0
-1.8646509970014105,-0.38006231971290294,0.0
-4.110844740245716,0.27717654420724136,1.0
2.846918470577926,5.026540351948557,1.0
0.05997643201768545,1.729421192130713,0.0
-3.6887866378120107,7.168637393938081,0.0
-2.960937378753158,7.107032014359709,0.0
9.992954082207497,-2.8515878864173585,1.0
5.573062572858246,2.5439182306974475,1.0
5.623603506420368,-9.09475284871603,0.0
-4.837151985922262,8.200045804777377,0.0
5.602489395642763,-0.9112675400472843,0.0
3.5175828791791526,-2.669234414354818,0.0
-2.2721788628270265,1.5944352366678556,0.0
1.9517578065404022,0.1322355574981824,1.0
-1.7439798236565585,2.771750805935795,0.0
2.322432118160184,10.711027688680659,0.0
2.221960333373503,6.744215695696836,1.0
-2.6504488062672786,-5.9952985546966975,0.0
1.9558325821091398,-0.6710123834340744,1.0
3.262925707336123,1.1314061822312935,1.0
4.521605967238371,0.5442463047770635,1.0
2.9324566784641455,0.9705627958018153,1.0
-0.8023143687920329,7.367038592422741,1.0
3.8690082539613373,-0.14839661522688408,1.0
0.19699341723231978,1.616492341031116,0.0
5.473979222204649,-1.9387234317544895,0.0
-4.868655862584852,12.302196157905463,1.0
4.791289534017414,-0.9737022190296605,0.0
6.09140130700068,5.463682431885205,0.0
2.231147696179144,0.985527959521271,1.0
-11.29550550360893,2.02652877211611,1.0
1.00191523128424,4.859475975839509,1.0
12.777085187227984,0.31027842710146547,0.0
6.784878703506448,0.3467982602515638,0.0
9.153444121166803,2.677106513925148,0.0
5.509684314857391,2.386443785514881,1.0
0.46631670568033656,3.832272002062225,0.0
-7.214009336766798,7.322169130103394,1.0
0.7420709239627385,0.2564842062653756,1.0
7.675495860601678,9.512060553111944,1.0
-1.3504531973420655,-0.4598399860815149,0.0
-2.7261798754792603,4.878993242562208,1.0
1.7671146238056898,1.0330355306292527,0.0
2.260875660635306,-8.926212300606913,0.0
0.9159325429802985,-5.483724583861487,1.0
1.5712121369778385,-0.1687742762972263,1.0
2.835491448151417,-1.952161664920249,0.0
-9.484659639996309,5.901175834971157,1.0
-5.037995230488314,11.073543905668602,1.0
-3.5068700705907516,-6.476813639594811,0.0
-5.37186513404702,4.466703450157874,0.0
1.6604170829911606,-6.664764059549779,1.0
4.717605672707972,7.418106932310488,0.0
-1.6429019955378084,8.768420009919538,0.0
-0.9566731382711433,-0.5687847593369704,0.0
5.274155927893317,12.672882890330156,1.0
-1.1082254597479229,1.8170061011570202,0.0
8.478023874834951,-3.647216839070082,1.0
9.122862016276652,7.9109114892775745,1.0
-1.310422057387779,-1.6402329838876546,0.0
14.88757976546563,1.1381926236389777,0.0
8.420703704651551,10.116146216564387,1.0
5.142962454269424,-8.694137034198427,0.0
0.6840635674416834,1.7276256597995445,1.0
-2.5376318715768433,-0.39048227928648627,0.0
11.131610242805984,-4.16318127002981,0.0
2.5013777427947086,2.3606340119375844,0.0
-3.1334922028259644,1.5270284255657833,1.0
3.200219136306986,-0.6796765926296451,1.0
3.7196953675393063,8.568462408841883,0.0
1.4376759969548951,3.2750665601944675,0.0
2.494808932699145,2.3233869378870526,0.0
-3.181806033154163,8.961927143828284,0.0
2.4174172530176614,8.019071853752957,0.0
5.318000318831313,4.344798130657559,1.0
-2.5402013441097826,-2.4181423966850444,1.0
-4.088052452822936,4.223288026657384,1.0
13.330861211006694,1.1895881124538648,0.0
1.417222972746973,1.6712888514181283,1.0
9.100346209721579,3.1503639992322037,0.0
-2.9538513357302785,-2.00683787633833,0.0
-2.30610446697613,8.125166895342684,0.0
5.960184955904715,7.611571843080875,0.0
2.4616217200470585,0.020284606389846305,1.0
-2.183789393020071,2.6303353510742924,0.0
1.7681663854764205,-8.644541859764033,0.0
6.505969046400148,3.199465362823392,0.0
-8.000111230891063,-0.45483448408789706,0.0
-7.7161925792474975,-5.144135026625591,0.0
0.5890115431439183,2.7394887958188576,0.0
-2.7063181201445454,4.4103004222949,1.0
-3.0212258586650655,-7.6827320519371884,0.0
5.81193796583101,12.669059736914358,1.0
2.9577818718114144,1.3891044277317117,1.0
7.703058566423319,-3.45727034960139,1.0
0.2875777825389778,1.381934968432394,1.0
-1.6106047708906979,5.990193761398183,1.0
-10.387566158927672,4.156136962743322,1.0
-4.92728880276905,6.981532006431074,0.0
13.95034078307692,0.09051864621061956,0.0
-0.10505013853633594,1.1697794927250165,1.0
7.352562642137099,9.106127002731945,1.0
2.879473849412633,6.112592264599843,1.0
0.806902799480868,1.5118578476159477,0.0
-8.959443102893198,4.342129993470805,1.0
3.8397972602427086,2.173204496436713,1.0
2.1864778145223904,0.08130578488709364,1.0
0.6041472508670904,2.4248008110296255,0.0
-0.033270941753378816,-0.8327665098332308,1.0
1.2270156910966459,-0.8885930639850916,1.0
6.655304511255086,10.587240420798254,1.0
0.5631824181604945,0.620953000405584,1.0
-2.7082308751027275,2.61839723589272,0.0
-1.436147827234404,-3.392481427660183,0.0
-0.9121041089566593,2.4588301608409457,0.0
