X1,X2,y
-2.848388334120573,-0.6162532732042921,1
-3.7503446982742776,-1.5449718582660088,1
-1.05775278698069,0.544587855402639,0
-1.369728943960296,1.812779882870144,0
-1.0806880105239132,2.222442545777817,0
-0.3924598042472525,5.784409421987176,0
-1.774677217221826,0.7404463503735581,0
0.1591045021817643,1.991271249865546,0
-1.514353159277397,0.7531852829757936,0
0.10164535818556653,-0.2068305122207612,0
-1.1207722002064602,1.7771642671297114,0
-3.9747022964670733,-0.6599094645417327,1
-0.35977843053877306,-0.6614374504452163,0
-0.3531295254866952,1.2965676348365935,0
0.12896050117894164,-1.1211261282322704,0
1.2330262745793132,0.9484467381341242,0
-0.6751522344680048,-0.45811756612437304,0
-1.4050208419493058,0.5701235285272279,0
-0.1303895458616099,0.24802029925143243,0
-0.11984364137523901,0.7524761009190383,0
-1.0955009571340448,3.539075533735024,0
-2.902574396499194,-0.11650356317517163,1
-3.7998099960819327,0.1649969972356009,0
-0.3743730286946466,1.426923245862875,0
-0.10320128499514647,0.2809238092161519,0
-0.025515677638011602,0.048310711774475434,0
-0.04141600632030129,1.232545358650719,0
-0.2947249664334479,1.0746596280426288,0
-3.3343678087324986,-0.8053323865708448,1
0.37653770077336646,4.4794870210328215,0
0.782569201450418,2.7145751168526067,0
-1.509084446400193,2.7725404009543677,0
-0.3036870262352027,2.078660564381294,0
-0.6550240754167936,0.9832181928438922,0
-0.25649001189800563,2.1500798750862646,0
0.12723197546016318,1.4640608337300147,0
-2.0064441238148243,3.301972688759329,0
-1.688397375573839,0.7925193047269933,0
2.407270287129095,1.3828470269687405,0
1.0854551992571952,-1.2009382930214123,0
0.8805577901192934,-0.9025709968588917,0
-0.9996524933719249,-0.9457371262671113,0
-0.536784611670381,0.4003292329202002,0
0.3623174276212211,2.6042047949286324,0
-2.1199223289621227,3.222895338261065,0
-0.6832353511630954,1.667656148331676,0
-1.5738571162394601,2.5750229373274953,0
-0.7885153254763426,-0.07084688384976223,0
-2.251173352620971,3.015243158084983,0
-0.00571972194997894,0.6203400119958081,0
-1.4825543152086627,0.8505072662552968,0
-2.5785585512428546,0.43078966331447055,1
-1.6126138439462598,0.10751056456061492,0
-0.09510618559482131,2.6886639588563255,0
3.027666864279146,-0.10564626167143554,0
-2.2187370063816765,1.6031798055595652,0
-0.32594585918883623,0.5897393753002552,0
-1.5847322958526564,1.4618203802720184,0
0.8124884490961957,1.8319823451145485,0
1.3229352797615408,-0.6282829878902807,0
-1.7835217660035552,0.08712394331899209,0
-0.7019597460258695,-0.41381657926680027,0
-0.25190959441192806,2.9130637722449153,0
-4.529734486201214,-1.9807072159678687,1
-2.1337228642524346,0.4980172908472569,0
-1.6539981599514262,1.4795784004676007,0
-0.20512170719501005,2.0183187268337135,0
-0.15253284851598553,0.9833410841279551,0
1.047846012391351,-1.692010060340679,0
0.6741999649860779,1.9751896012253776,0
0.06891408340077654,0.42821334967472213,0
-1.3225940951756563,0.6393125485323278,0
-0.5879952774821839,1.181037273327347,0
0.1708670569516627,1.2995208358153165,0
1.094834632270644,-0.047662935157460895,0
0.345797716041509,0.5603500890672495,0
0.08880124906766595,-0.8673310209757599,0
-2.1737370231019533,1.4646647905990053,0
-2.234272058992747,2.0836855831283074,0
-0.2381805500341404,2.534484798447468,0
-0.21650342813050955,0.251469885201582,0
-1.2680676424838064,-1.6744333584482307,0
1.0061733781928766,2.0246400702709444,0
0.3654354400010288,-0.3827747359593925,0
0.5090269088031172,-0.2863671505578438,0
-1.264126544410996,1.89425181634724,0
0.17172772594661911,-2.295347847295851,0
-1.9438765490528866,2.272435941079081,0
0.5327809539105959,0.5113570120692197,0
-0.9068009922770297,-0.42656606569593913,0
0.24199400278765615,1.5784577499250765,0
-4.553096361093082,-1.8688524086607008,1
-0.5438462741268804,4.065733530333872,0
-1.9153078039758156,3.5321915512921325,0
0.6640513652107971,2.555995472756344,0
-1.4953707460158114,2.1988888796957538,0
-0.589384176531637,0.5322436281403583,0
-0.5205594091715876,2.2727702329155344,0
-2.6806890557759284,-1.4593817026045806,1
-1.0387661791927938,2.1431011919410854,0
-0.8467506671413059,1.150768646479825,0
0.6578831919281771,3.694211383219932,0
-1.215052288738871,0.9103258252918508,0
0.138503631799767,1.6323815754327846,0
-2.2829204881053387,1.731654170307928,0
-0.2143659246625363,0.9087867244437329,0
1.2216342088566756,1.5743744818348588,0
-1.5259079116922742,2.912785836201091,0
0.7423219274992963,0.3298615792454692,0
1.2177757137789469,2.5100830199958004,0
-0.30284680943841136,1.924541578904114,0
-1.754984054095229,2.9049780932909077,0
-0.27159716577430904,1.5532761860030426,0
1.6970309461089514,1.6304686338051004,0
-1.2226111101064125,2.542866328108383,0
-1.3054375122129533,0.9108358347310624,0
-0.5098299793009758,2.1885408516808926,0
1.6126327624964558,2.8253236489646896,0
-1.478585295080205,2.9506755624562233,0
0.6169438478829568,1.5011972889357246,0
-1.115852709463933,1.9428401970157734,0
0.23226155369587076,3.291122457879875,0
-2.3501871439352326,0.14747141638560413,0
1.968440921817089,-0.47386153840548206,0
0.464855414640601,0.08213617830263376,0
-1.6415167138804485,4.121150470694786,0
-3.2346261208507125,-0.1311361120374721,1
2.3433800567085536,-0.49349827548163017,0
-2.6034073737514087,3.928629643863518,0
-0.9463513449860295,1.0218552945768384,0
-0.5481721338304226,-0.7785571004613345,0
-0.39670050549803854,2.1258413012510307,0
0.5438319192101055,1.836526677129941,0
1.1806776019215823,1.1705695678997856,0
1.4467822238652621,2.2000369126184243,0
-0.5014395862309217,3.0576306866871694,0
0.516167304155662,0.5036728753830347,0
-0.8564678531140426,2.919589221998855,0
-1.254718141348789,1.7468038335077205,0
-1.9378942247544744,1.298913147369764,0
0.33274014346119496,0.7165893084889658,0
1.2010117897131263,1.733676449653225,0
-1.711957024099008,0.6290205367442697,0
-0.47034459461996264,1.8792033221770008,0
-0.8071924882623936,2.8238212125676414,0
-4.534013811308049,-2.0372667632194896,1
-2.924340327392564,0.2859970503589002,1
0.4453477017177969,0.9004814753221744,0
-1.7475106505242193,-0.5738748378581515,0
-1.1595319329542761,1.1055152193012017,0
-2.7384864739066597,-0.92651685764254,1
2.8372206431472575,0.7185975833102815,0
-2.4622675620678196,0.18909827537950386,0
-0.7577891829722194,1.3315526394709878,0
-1.6288786619326638,1.8018945710638847,0
-1.1038692856582626,3.1224357073961793,0
0.19264495970853646,1.327148055220937,0
1.1580147374218535,3.879179234684104,0
-3.2999288788966727,-2.1450371811896765,1
0.2980343082819127,2.2902968580257963,0
-0.7207415155053496,1.5649651201565429,0
0.17365023407052627,0.9873334651940698,0
-1.8796753628686125,0.990923975547666,0
0.9234306511379735,0.35185540261567305,0
-0.49166979047535003,2.0424752625343383,0
-3.6354218733104804,-0.9888893278948347,0
-1.44078804960122,3.901681584203607,0
-2.4209032143631286,-2.0821350004554455,1
1.550240309359539,2.8905372280991877,0
-1.8861075212170781,1.2222637891354973,0
-3.1445411372936434,0.46276594177485364,0
-0.5229787804784104,1.6721636492992684,0
2.3204502192806467,2.2942992887921307,0
-1.2692148522997009,1.9853468364217814,0
1.7724976442118083,0.3143555874574835,0
1.1565423588982862,0.023810621426982426,0
0.14216955093308725,0.4370653773413973,0
0.6343927715073587,0.6609526860949279,0
-1.3234816166759118,0.15926512370138868,0
-3.7455445003221177,1.8216141196500053,0
-1.1700907670808525,0.025812084707606875,0
-2.229405138256979,-0.9669481678654699,0
-3.1543635723975942,0.926617555097375,1
-1.551050011621378,2.1210083226159115,0
-1.0820175736026674,2.7327736771338755,0
0.08733419481277649,3.616882591327742,0
-3.1624973274573485,-0.91075569409317,1
-0.6970749820817754,-1.8403141057882983,0
-1.88924275085946,1.1740309270450748,0
-1.521375576343362,1.6429465111333328,0
0.34443428422223743,-0.43519724026002793,0
0.9625678388439598,1.7187941129701627,0
-1.615050683777795,2.660950195789673,0
0.8152973587505856,2.517970273875041,0
-0.3955683069916643,-0.22943233681885689,0
-1.8616560405037572,1.7336035243565995,0
0.5154714540833187,-0.09024421872121047,0
1.542814191101296,0.843765098877296,0
-3.105127020572542,-1.1451391776805566,1
1.6219507579961912,1.5466078699877053,0
-0.8283017996741351,3.1417440858782304,0
-2.2170438345294805,2.105668863626496,0
-0.020466613735532047,2.924715910742057,0
0.9049061996513925,0.4290658471410428,0
-1.7399208128703523,2.083630521086349,0
0.2860787113801524,1.730708474531161,0
-0.8891369719264962,2.3716396527598,0
0.06550048595127989,1.0230041312132947,0
-0.3931394900018417,2.5145926569758617,0
0.05713365568883322,0.8557815236880527,0
-0.7018835588622283,2.747849552865933,0
0.5229270237405383,0.45761886359557147,0
-0.33235894554084117,1.2297123832818329,0
0.3012761867911268,0.8682675124627305,0
-2.3179118409623247,-0.4519927542900539,1
0.7458283647371249,1.215905935105739,0
-3.2942240735497013,1.4991382676343028,0
-0.08320459834795768,1.6662748741744506,0
-0.36735873266514435,1.7396705441543125,0
-0.0846527289516234,0.7672794914029601,0
-3.3197923485847474,0.5218078293994672,0
-0.6714032419604351,3.904481604878069,0
-1.9027918719637147,2.2650631664789453,0
2.2770490548019073,1.28689325458501,0
-0.6576252649587988,0.10544669611615931,0
1.2874642198793882,0.6363016665958476,0
0.6411918496609093,1.4821790632975795,0
-2.0126513744236036,0.7689022284064998,0
-1.3383063066037484,-0.5617420524257097,0
1.6233309959354805,2.441105573976907,0
2.243504987213658,3.4195769770729214,0
2.1525423096675724,0.8067656812575129,0
-0.6180299858886182,1.0127091155590666,0
0.2285759128560887,-0.6344117082604173,0
0.026671162543483784,2.093599040861136,0
-1.5744598377293124,1.1780000223995208,0
-1.333603645180078,2.4075228356224416,0
0.5445513696481921,1.382484448604338,0
-0.6690852031311346,4.145979595785002,0
0.8456180724589524,1.1317917036581888,0
0.18430766820131472,0.7016854922428171,0
-0.8374304670780215,2.444189379271588,0
-1.6978693159941844,1.1526931899907704,0
-1.8927215341096946,1.9656531552133605,0
-0.10764655584198046,0.8640221602113746,0
1.331765801270698,1.2101293936318702,0
-0.9914636138698771,0.8396059873896995,0
-0.6486487128986713,1.0938503013926704,0
1.618078007309022,1.7613621661997674,0
-2.0434371037314505,-0.9246025286687418,1
-2.496005498805987,1.9770250455995622,0
0.7178241416838411,3.6782331203057517,0
-0.1080952094766785,-1.0916868882383377,0
0.8917951370770854,1.3744298209826398,0
0.2621726218360978,1.7435034771358962,0
1.9781883490587195,2.7663206687816047,0
-1.9609565419098145,0.8766047356468563,0
-1.3108125736903404,0.5499509732220863,0
-1.641747273132966,-1.2761738812983938,1
0.9817566282808445,1.70601852470918,0
-0.2616046330061668,1.5200334301675247,0
-2.3163246360509753,1.4282451251002501,0
1.3812109286322096,-2.0853681658974494,0
-0.5210307855546769,0.541766521646652,0
-0.6566681914297445,0.4368399144304361,0
2.382728364817738,2.396366484841914,0
1.4028723463739101,-1.3562359616940016,0
0.4866585898016256,1.22718704187751,0
1.0879687209552518,-0.15198268535870252,0
0.4390237434062635,-0.6871349679927832,0
-3.0790539946357223,-2.7067507808418645,1
-0.917010337002116,0.8226762995840085,0
-3.1977106002851765,2.5536984782023273,0
-2.3495017495198587,3.0043839678898756,0
-0.9448777500269545,1.3786228745374698,0
1.5332774165562961,0.18990494226246968,0
-1.4154606314075253,2.8724388487340504,0
-1.3933202295304525,-1.4239579805734897,1
-0.3073762771899604,1.6493645748825032,0
-4.128878471975058,3.8407344183538528,0
-0.6746384957153223,0.2854962395118803,0
1.5007257782657406,3.370465440273762,0
0.9940207052042471,0.6527915619641312,0
1.528579231021261,1.4641704660060055,0
-0.06481905617160755,-1.3203547648151148,0
-4.611168392003721,-0.46343811705793403,1
-1.291470188259699,-0.05107681667460229,0
-0.056533824544872546,1.7027574240376913,0
-1.2785236119961225,0.47872046277089875,0
0.7813479362377564,0.5943611121588249,0
-2.6016812828775246,3.7419815936136853,0
-1.0435012026712462,-0.27194398895868255,0
-1.604760325274631,2.62309281143734,0
-1.7939937059731434,1.1831147778399562,0
-1.189772198952187,2.7755203763859533,0
-0.2527486619203448,1.3828277260496225,0
0.8139493696892393,1.4675114543984353,0
-0.7417822256291502,1.128323362765131,0
-0.5115519998318755,0.8172337815669802,0
-2.39370469295771,2.5587433168768783,0
-3.2610954470572455,-2.0187180769937485,1
0.8095247126200251,1.7815843414563666,0
-2.375215918843023,0.6661413388225622,0
-1.6175792407934109,2.1990719440473128,0
-3.5360191693032017,-1.8193792317466162,1
-1.397026949027458,0.8061673757401782,0
-2.033302096387926,0.7240378248879932,0
-3.2101757068780405,1.7922890933953097,0
-2.9377797792329714,0.4076809953127247,1
-1.2073743901618943,1.063457738897383,0
0.052674688498790534,1.422489049506076,0
1.656394057671247,3.1649231775521174,0
0.8542479273157677,0.12797491086291513,0
-2.0798665666777145,-1.495684044628677,1
-0.8959331882014396,2.398313996042369,0
-0.6840224402939652,2.6648258732876253,0
-0.43181789057571857,0.4938526201127894,0
3.8195344112369174,0.5416540311624395,0
-0.33097788458182853,3.6104866993008677,0
0.5624124958395851,0.9553392875187001,0
-0.829176803201612,1.138762982545743,0
0.30953953930615474,2.5649051760150545,0
-2.9663236488996394,-0.13029693951789745,0
0.6732447622591793,0.4331007437263158,0
-0.7061775223111519,2.2609111213780797,0
-1.914263478416476,2.0228266493446774,0
-0.776052087814543,2.8116525210275674,0
-1.6661561230987962,1.7375009851809202,0
-1.7340499981505568,0.4062915296724523,0
-1.0785769363048123,1.5876375740504607,0
-1.320235156890997,1.0491459275679547,0
-0.9816394624235154,2.5122515117941524,0
-0.31294118750034305,1.9895040846380605,0
-0.8641251215698529,3.9952091408107306,0
-0.9420041984728789,0.5783133072759261,0
-0.7472541898546556,0.16802930734266153,0
-4.15510540219522,-0.07365591162231988,1
-0.48394181716850504,2.029308269316768,0
2.1729492187963446,0.5529108353062047,0
-1.9286729021613538,2.8100877834444473,0
-0.2625176041193241,2.76127504688673,0
0.2935507847959853,-1.1238871666629286,0
1.997862000571958,-0.48725507821729486,0
-2.056916413820298,2.444295873460177,0
-5.029258820281219,-0.5780579781198264,1
1.6236486314669807,0.7996214766714956,0
-2.420226535345895,-0.34148612463207906,1
1.032299960725078,0.48850680089569287,0
-0.9226358885808406,4.997436692930494,0
-2.0060891082615155,3.077085824939193,0
-3.0820463625975645,2.441622030661834,0
-1.4778797060814322,-0.3147562833196813,1
-0.6730990398689969,2.6859307386312867,0
0.562988817836723,0.5258178955854779,0
0.39049515916849376,2.113101025818954,0
0.1788812664108259,-0.16569684585713684,0
-0.4554678436808768,-0.3389802749526565,0
-0.7932962339530043,0.3762280180172074,0
-2.4011376174393257,1.1211084086992615,0
-0.9698374578176558,-0.5397401733406313,0
1.0061832743911443,1.0972557771888338,0
1.4474589329837222,3.4938949488771507,0
-0.8206655549275567,3.1451989448242816,0
-1.7689728737774133,1.545491232470817,0
0.7564866061459574,4.473545565696819,0
-1.1844912497270488,-0.0729122481500728,0
-0.9907234658256465,3.659242136957494,0
2.4014884203576266,0.6085578827548479,0
0.15627228568136764,3.0031406079448892,0
-0.6300898196740493,-1.0171419077638535,0
-2.4659462946689734,-1.3677097596952428,1
1.0105721692073444,1.8022874919413896,0
-1.3054952733438745,2.687746004180403,0
0.35308622657815436,1.2554019787629853,0
3.4422462742990834,2.3939069731964437,0
-0.014696593209131248,3.7308592912431418,0
1.0120040043921557,1.2861587585045775,0
-0.7404206633494623,1.2480751355013473,0
-1.3965176155753674,2.807280056659737,0
-4.083273887980577,-3.3462739772582624,1
-1.469173753660645,3.5221379419890195,0
0.09984823848868274,1.053716774994605,0
-2.140263195170938,-0.3995770216814649,0
-1.735548702702693,0.6483577425345676,0
-1.259046242595583,3.256530997457948,0
-0.4508112701959903,3.9609436943255485,0
-2.80484275647684,0.9160484008617928,0
-0.08444938643963673,0.16459394291222518,0
-0.7926562216050155,-0.7119132493016069,0
-0.45358235046454887,1.3328138722376766,0
0.0885918485704219,0.418549789112138,0
-1.5493693271983233,2.046618249368392,0
0.3499655547749807,1.0210166811708707,0
0.8606247607915105,2.1130160686832533,0
-0.6935235951301433,2.512096009134293,0
-1.0329988839295834,2.984033468347187,0
-1.041099774901034,0.15600349831199556,0
0.003415008263066621,2.2557249171335947,0
1.0193297440153972,1.2703776505353221,0
-0.9626364500092732,2.0013986869805076,0
0.08075775166338739,1.4494928807415375,0
-0.9042518895491494,1.453510973100764,0
1.029950518735914,2.777815665275929,0
0.07174827969405251,2.780973778807169,0
0.37037545798907945,1.2825611473824932,0
-2.371006803363948,2.9238759527299156,0
0.2075709111516547,-1.2236728506257655,0
-1.08690440857587,0.3586946152646824,0
-0.021636352882480447,-0.03601923582718025,0
-0.7220246416001227,0.1807310173551655,0
-1.7536097424867945,1.7362472662675534,0
-1.3704879418724212,1.305482982058377,0
-0.805236009141439,2.2681045106524924,0
-0.634816098044361,2.141201332543333,0
-0.7694304751717678,2.084557109189806,0
-1.6156431028123135,0.7526662863328143,0
1.331934028529041,1.4897790142768919,0
-1.5372797096838442,0.9428739865018663,0
-1.3911924819400356,0.22317962670461333,0
1.1837465350777447,0.7512499978867879,0
-2.1982307185473493,3.2360621594000882,0
0.5498193277556109,1.0365291434305335,0
-2.521891997009097,0.5257721938833012,0
-1.924168640116527,2.4121721320498395,0
-0.08426751220226003,1.2969458363260205,0
-0.47523574099455024,-0.136677386718006,0
0.08923276393725788,2.7573735848471266,0
-1.857062493374519,1.7838168197610473,0
0.5563692028600662,2.679721683772385,0
-2.533327567637233,2.6399161677161658,0
-0.08311714691032807,0.9977654725323157,0
1.2115550519888778,1.2982121649266878,0
-3.113532011227307,-1.3757717306526782,1
0.6364847148666866,1.7250803356241593,0
-1.946271375073257,-0.5607863772416526,1
-0.7952635493157674,3.419316747584999,0
-0.12266624140470933,1.397746558220258,0
1.0039723102590397,1.771822030823025,0
-1.5768822530225317,-0.0034288435744824763,0
-0.7278854961775397,-1.619452963596336,0
-1.7947750661740247,-0.15966315378967,0
-1.4960128416164844,0.8480474960343201,0
-3.1462295651695897,-1.2034189752664433,0
-3.9122591703730913,-1.2913946346145446,1
1.3528307863691271,2.497145886857534,0
-0.03783641683686373,1.0789054391603743,0
0.32969046045446393,3.15397636682616,0
1.3064979806290988,1.6160066445490524,0
-2.022510495533794,-0.33317113929616193,1
-0.03688530403787993,1.0458616895151422,0
0.19043694987396576,1.5009585336495508,0
-0.13496588205949323,3.4546667037747985,0
0.34371967882227183,3.1248202327763064,0
-0.09451399766565871,-1.4005752004367071,0
-1.9432314897927339,-0.22057025057556245,0
-0.4360729629699254,1.6252106058258033,0
-2.4050422017597923,-0.9701448918483551,1
-1.1126061985229747,-0.50723638299383,0
0.2565611745996419,0.05669909982893673,0
1.0731252553329957,2.772359304272781,0
0.5356659509677419,0.835177146156762,0
-1.9527179899122027,3.8648495354676835,0
0.3256935602276151,-0.878046352852552,0
-0.48050949253322667,0.41884528677955457,0
0.7030147879985984,-1.8681125487776988,0
-3.3066843773741246,1.8505993048060483,0
-1.0812274142576659,0.44776451023037356,0
-3.984242256690532,-0.938550695262243,1
0.4776192831556899,1.2145731500027706,0
-0.0802222829555751,0.37916755718397277,0
-1.2307933267415496,1.438539290172316,0
0.14858185645521416,1.6304794697944245,0
-1.0791351060063539,2.9138069769000974,0
1.2037440627813951,2.2749412893581287,0
-1.5059795368996551,3.7887110099341044,0
0.15399049507677287,0.699748664633409,0
0.14590674938679238,1.0948328529876976,0
-1.5321825684104187,0.3988786469619806,0
1.060725272087403,1.5626503033820758,0
1.5031011407670256,-0.17136853787508088,0
-1.8263196998182585,2.354833672134356,0
-0.8735645176973169,0.8125858489024859,0
-2.0593703236140413,0.9331235038634613,0
-2.6438056173558864,0.16422470124098565,0
1.3558566639622598,3.2177867984311894,0
0.9308272607867769,0.14982212303415143,0
-0.9827942217941295,-0.4100499209184081,0
0.5536296965608305,3.6486280488211014,0
-1.6421137556886098,1.2972462826414373,0
0.3832818706711988,-0.11659802695650212,0
-3.02496625761588,-0.20428381885274827,0
1.1658722513352786,0.734664236579334,0
-0.13300337152512542,1.2269004457814878,0
-1.0141313594975407,2.473863856922038,0
0.807453064197382,2.4568545491631397,0
-0.2559710995371967,1.0773950771926921,0
-0.8448773561292238,2.2438512840879152,0
-1.638333946378201,0.1938235709181455,0
-2.6827447863872615,-1.0333328684819314,0
-0.850465301440896,3.743733977358462,0
-2.232200654651109,-2.8793532722810657,1
-0.13841887551571747,0.3686938755890421,0
-1.9831416292133386,0.867801421516208,0
-2.0175177200235592,-1.147355068854937,0
-0.22615200769350913,-0.9717835441669842,0
0.35889676314571706,-0.7937228821481859,0
-1.04061514133897,1.4932639513257293,0
-1.0504602402668186,3.477866102403253,0
-1.5995562709891817,2.342323002256534,0
1.7703873216968677,0.3323779894893152,0
1.3144373834660028,0.5565334713338721,0
-0.400529044529289,-1.0010690642607676,0
-0.7287898265631725,-0.6416463269608907,0
-1.24225033428838,-0.822728434566125,0
-0.9981498952671838,3.2174876708453244,0
-3.221533226773936,-0.27766487403971163,1
0.7843677723830584,1.5995410323890231,0
-0.7358485548351218,1.0346093883281124,0
-2.987558243902713,0.022094896931587282,1
0.6316840323230721,2.2974820924774595,0
0.2697740542758409,2.722536498567245,0
-1.5770914356942043,0.17719608085552663,0
-2.4982991912525923,0.7396832205219946,0
0.07590580485460052,1.1917451573843991,0
-1.5670753173600835,2.260171640399449,0
0.9760323032515126,-0.1079116868552914,0
-1.228865032109373,3.8632884581646936,0
-0.8439520295892649,1.3643458713543148,0
-0.9912407419785998,0.0027021625366763224,0
1.395617630630054,1.7335753670680938,0
-1.488253069536539,0.07455559088953279,0
-1.153034105669569,1.3452896197990232,0
2.153705973634056,3.3977504280810966,0
-3.4836158677624445,-0.2759299252733264,1
-0.09195767606765637,1.0706288280367438,0
-2.0839376097884554,-0.27886069665434365,1
0.7965471520490996,0.5049456420717209,0
1.6041665067299342,1.9755101072528243,0
1.5877531542666872,0.9755092314750301,0
-2.5167157995717733,-2.29143691743669,1
-1.1604373345824275,1.872852419905805,0
-1.9317283853862397,2.309288631546571,0
-0.1195620667030477,2.719316633761583,0
1.2317899779687576,1.3088302617894623,0
0.30551322231187894,1.0825177373030799,0
-0.35051524005927814,0.8997820173996909,0
-1.992507596368041,1.875256314147297,0
-2.965384952704528,-0.92108460749876,1
2.6018587082236837,1.2251003206678055,0
-2.9329772427104484,2.518746614124392,0
-0.25914432524899944,1.2095920246585983,0
-2.0969435481516063,2.0376457054220287,0
-1.1986103258106044,2.1592769449787648,0
0.40350812157394367,0.33645943352984686,0
-1.2996383243640728,1.3046514729532028,0
0.49961374264908587,-0.6029040444113987,0
0.03626684761423604,1.5707200503335448,0
-0.1987448158108578,2.312561495058581,0
-1.145545604504958,0.9176664888592427,0
1.2959758996076745,1.1180515669837499,0
-2.550771142797361,0.24473058813962112,0
-1.3564441197727561,0.26004920703470136,0
0.35822996124317785,2.620519104344214,0
-0.8461224752983769,2.0114090674125906,0
-0.31572512608837755,-0.5229464496348841,0
0.16894079475885526,0.9344262750194184,0
-0.7909140788500579,0.9357333130618952,0
0.4788704339240738,1.504461028034504,0
-1.0560697369614735,0.7049801334497183,0
-2.3945445184676277,2.5602591246138924,0
0.5952520537988788,1.18819357780735,0
1.2047497056028933,-0.17953046475522494,0
6.69588998113424e-05,2.5456702205673496,0
1.888762437417351,1.5654222630345025,0
0.7113896954179464,1.8494596432700634,0
-1.019009621110161,2.3931542646384787,0
-0.17442906198045455,0.9363134625708271,0
-4.126745221082938,3.9291770093073244,0
0.03547749723134164,2.4397792239889347,0
-1.2210163309857038,-2.0588873911940744,0
-1.947325727238709,-0.37059977316780324,0
-0.9256349859279613,3.073184064724596,0
-0.2553381634997866,1.855014102023682,0
-0.8606950097908336,3.43165077239315,0
0.11512657672891413,3.038490247204315,0
-0.607728407410575,0.9353765130473941,0
-4.254914289135798,-0.1393431792511617,1
-1.3583273572061305,1.6586884329825535,0
0.04760583702987131,1.2035446052476153,0
-3.282366619017386,-2.4787419668334687,1
0.3874046337237106,3.613338532494591,0
-2.8429946846952294,1.6725554615056506,0
-3.0264290179802074,0.13189528195173073,0
-1.837905407870975,0.9684265210630332,0
0.3788469644825734,0.3828374836145526,0
-1.8542874607593482,1.9966071434837982,0
1.6327821123155921,-0.401191684750533,0
-0.062478284887379054,3.5351060216332733,0
-1.4217204736695739,2.7924141412053993,0
0.24170734586897458,3.8293873576133013,0
-0.9449388937580663,0.021727013818678254,0
-1.9503714250104174,1.6266873678151685,0
-2.7805713040872635,2.2511734373845087,0
-1.5241302727871067,-1.0746229206775109,1
0.46849553478346473,-0.6404975288383077,0
-0.28913348251929116,1.1657519923355752,0
-3.1319363123685737,1.3233181615773237,0
-0.5487997048569019,1.0245665380666724,0
-0.4694462841700381,0.71267099949169,0
-1.0676111055116375,1.294967720574998,0
-1.7506215321559053,1.807186226398527,0
-1.0497085995267619,0.37095668440351537,0
-0.3870000949516661,1.5992750108698996,0
-3.0035900057666947,-0.4876582715945692,1
0.18846774884774486,-0.7075088972033443,0
-0.4279508460293523,0.7244905775288704,0
-0.3209321687334401,2.7167573880487805,0
-0.6414491061270674,0.5193762778268796,0
-1.0675283193248255,1.5631432679094708,0
-2.206329314069425,1.0076045357332142,0
0.17918788675650388,1.3978304098048446,0
0.787195863100326,2.6758184853432345,0
0.3408304772825954,2.988731339769065,0
-1.4672052363558605,1.3844128793193518,0
-0.7313639548313215,1.974189602801664,0
0.40247868001660625,0.6996728973125889,0
-0.19562504485219695,2.2092637895767795,0
-3.8718161914840263,-2.279795009696783,1
0.31047658381268795,0.5422010702608472,0
-1.6853444043357613,0.5108702621836879,0
-1.1487914470561407,-0.008423901279952961,0
-1.0908207934778473,0.048089633492607975,0
-1.4060098324493668,-1.7058064985021586,0
-2.3621079194222663,2.136925158414334,0
0.9732502319022989,3.297708822001807,0
-0.8252758282096645,-0.4024895814568754,0
-0.5750462450976052,3.2056331860586553,0
-0.9098395272714064,2.155228586951507,0
-0.40394050288190625,2.634670496084775,0
-1.0763614753152475,-0.25920536870383204,0
0.6802718656596289,3.2285591230074777,0
-0.3070731293815999,2.0652933031774356,0
-3.2856452325315417,0.8415158077142855,0
1.499629254642872,1.321459449267086,0
1.0170681016964134,1.5775858441099249,0
-3.0265485616564263,-2.2311435390017715,1
-1.8888899471523997,2.1200839939567175,0
0.7872835379466225,1.0062726127365105,0
-0.928536092696973,1.8244478493259673,0
-0.35742790927850726,1.3601898653149442,0
-1.312261482013621,-0.3921323041729632,0
-2.03488153624708,0.4564660869940842,0
1.6093179995237157,0.2739066980560574,0
-1.3038690689171242,2.229388604946833,0
-0.036809339469860314,0.28706213630902133,0
1.7343473811886638,0.27638687011277074,0
-0.1233663546778605,3.269487599303093,0
0.3862228200569797,0.9062048820846762,0
-0.30938444668311804,3.9455053686954216,0
-0.716526463452687,1.095512513052561,0
-0.04215819952121663,-0.3840214739557126,0
-0.5478951727547697,0.6944020395777356,0
1.3075452434967927,0.4621994445540245,0
1.4901542506373084,2.214374392824088,0
-0.5392302962929851,1.4681810257914034,0
-3.1359518508027087,-2.549872588829397,1
1.713737483161443,1.5138301274357984,0
-0.6544719151096159,-0.2811099954274059,0
-2.0534273762718267,-2.07791421942767,1
1.4012921228174453,2.0921616025041745,0
-3.2319166351769275,-0.3830678970924998,1
0.1475885780812064,1.4207174382024874,0
-2.1494669810856797,1.689841154607251,0
-0.25579276377407145,2.437718761799819,0
-1.8463438919460362,0.12004338560408678,0
-0.4324557597932802,2.1673671391809988,0
-0.9622117550684774,0.6441576596224994,0
-1.4696521209380369,0.559262389046256,0
-2.3330699518098337,-1.9743348327314494,1
-1.7401802214961704,-1.9379819984199025,1
0.6668299537376834,-0.11686557019294108,0
-1.17693137646096,0.8419142882752901,0
0.0718458391382365,0.7745210100673909,0
-0.9599055094243403,1.450571880495194,0
-1.5580795283507263,0.3730423646790175,0
-2.772095020032545,3.0456464491879753,0
0.09065973712271591,3.3415817486836876,0
-2.7645424700450234,0.29080904441722266,1
2.3500416758760974,-1.1433222391054714,0
-1.982318065423361,-1.0728939823349326,1
-1.6221468956898197,2.1133207676971617,0
-4.992450296828206,-1.243686322113299,1
-1.7090540025920837,-0.06606608510971257,0
-0.013674064819680976,1.128910216675737,0
1.0005109037292288,1.0304404568924008,0
0.5889381634799933,3.328313804698778,0
-0.7970162542712036,0.6836281981441055,0
0.13811698009888407,-0.1299349737541764,0
1.9878213987136686,1.1525024486863409,0
-1.949278995034724,1.427152191918211,0
2.1731433614889943,1.3913793584908012,0
-1.2377612213501177,-0.058388829051153834,0
0.26473610239654166,2.8496792544775102,0
-2.505582487587264,-0.6885823913063054,0
-1.7308395251744921,0.7714251742597521,0
-2.1963622664817803,1.4212415848604185,0
0.18967569747617008,-1.5862655037932631,0
0.006429477585857102,3.2322809808012636,0
-0.7870062088734373,3.233155407626411,0
-2.0889115175323747,2.0476904447908773,0
-0.41373538794073783,2.0460455828771975,0
-3.9003450944888716,-1.037198253184493,0
0.8262502454136904,2.921672620594091,0
-1.5479070484881392,2.925399342741991,0
-2.821926992727751,1.0803928468385215,0
2.2501029150707206,1.7438665313607442,0
-0.1266044489540198,2.4726304742048955,0
0.5411451606916198,3.0529392413055554,0
0.7158505448869954,-0.9709601698237287,0
0.5809947188758888,2.39807581743285,0
-0.9516897773427575,1.6327050779725274,0
-2.733080788789936,1.3962042555596685,0
-0.6296629873454864,0.8900730774194037,0
0.488579386342754,2.4723284194572974,0
-0.8867672239036607,1.693085827663319,0
0.7089093076180311,1.4303524490596309,0
-0.9010197773580342,-1.843342132686332,0
1.7040838754899492,1.5778776736783278,0
-2.6265524426954006,6.468130475902301,0
-3.2830747195851355,0.2427274374234285,0
-3.0962610992098916,1.5988804049662617,0
-0.0983375846233806,1.410388605721885,0
1.8558274165785371,-0.37549803867211007,0
-0.9217476692727333,1.281762117767572,0
-3.0477780871388007,-2.4273988241376676,1
-0.8250444417054079,1.819476686494622,0
-0.059480751983560065,2.6324320236514414,0
-3.3534226346556206,-1.033423074087466,1
-3.1406294593842943,0.7391288083405084,0
-0.7402416244536056,0.8601329931068986,0
-0.636266129806758,-2.3063483680490515,0
-0.18239769837822323,1.5843261931891541,0
1.1937243172633536,0.9158372109040813,0
-0.22326421227650473,3.9838982489395747,0
-2.5150229027339197,3.1720773028764464,0
-0.9692636856349927,-0.6087564260701417,0
2.0030920819776465,0.5341712439527717,0
0.31250285776688635,0.7565032728111528,0
-3.3566433600439955,2.5311510572621585,0
-0.6394359786740117,2.540768256381019,0
-0.500326899473961,-0.4936595913211128,0
-1.7355772649280226,-0.15541607106005562,0
0.7582191495672879,2.2656388689300164,0
-1.6583086473513056,1.1123891452493402,0
-0.44299010105428555,2.079606738483518,0
-0.1276954276807809,1.663154639755198,0
0.43581332554585317,0.3519211367983974,0
0.8158778529022455,1.591345890467899,0
-1.2793718126287548,2.04484252375355,0
-5.171436461560945,-0.9956173269343251,1
-0.6438567801880981,2.367306666979564,0
-0.3416613335584383,2.124311003272594,0
-1.506531242947983,0.014670572110182745,0
0.6106473084583162,1.3679150868241334,0
-2.249962395414319,3.2339087743517285,0
0.08502687423163746,2.784867508916479,0
0.4323298487891777,3.4421250909574357,0
-2.5163763899144427,2.0739507069860634,0
-0.41889271724519744,1.5964091421629805,0
-0.9508804539396434,2.0209635743261023,0
-1.308131963609528,0.6454776253752454,0
-1.925376060831897,2.308175142580832,0
-0.5016450571427601,1.2431275676899336,0
0.15870190619517066,0.9748415275084596,0
1.6253911006681925,1.6583122032588926,0
-0.3834210468222123,0.35765865969964783,0
1.4433216690657138,0.11470940265979057,0
-1.4802295664171108,3.7288162235985114,0
-3.4983180395013456,1.7471358904931262,0
0.020309932825312238,1.0723421550325911,0
0.16251166581543686,0.9007049329269402,0
0.7127644106139988,2.556698420427677,0
-0.7455807587444437,1.6252878247911071,0
-0.7462058946040463,0.29998930934073087,0
-3.7159577770642893,-1.8946595584372892,1
-1.7476409151144467,-0.5331733566721661,0
-1.0578686329945053,2.5495171086120245,0
-3.1439330709686995,-0.6308345906898636,1
-0.025216719996978942,0.19588347574172404,0
-0.45244130561169416,3.2120398167444115,0
0.4320655120516492,1.8928125458373912,0
0.6021408700759872,0.20457623757136645,0
0.3614584020937446,3.651752632321186,0
-3.0356048452033586,-0.5010809284361291,0
-1.5023185034346576,-1.0170668963526894,1
-2.0524879352063827,4.579721331567224,0
-2.105777361288373,2.460537566597038,0
-0.47908503226143384,-0.601507084347997,0
-0.7395278026934752,2.0361953357271805,0
-3.120024217871944,-1.183096277050873,1
-0.05367279324980323,1.1592224966898117,0
-0.870168361798282,0.18979301610539934,0
-2.3976926579232942,0.6506946794131199,0
0.04600251983912196,2.2702229565682313,0
0.6094585569853546,3.4469302124331884,0
-3.7672699835120675,2.380959480132524,0
-0.08754254037046938,-1.3069146199182553,0
-0.7572969051796377,0.4709628415704774,0
-0.277037939832713,-0.19126340185661395,0
-0.10753819256831126,0.763472584582526,0
0.06762984975713726,2.505497644556958,0
0.22692446200596106,0.7464949280817498,0
-2.267141677860479,0.8708340268078878,0
-1.0936606211907374,-0.6965706765503277,0
-0.4410982806526504,1.027738445385262,0
-2.3186407524538026,3.3364384698275904,0
-0.2260422922363789,3.3434677532859642,0
-3.893450719259324,-0.25081302241615955,1
-3.6672438176668387,-1.181065788585415,1
-2.3298400311984047,2.791889921540819,0
-1.402703944469558,3.8402180154645524,0
-1.5898535607804776,-1.6657206840462586,0
2.2813085158867707,0.3007527646566426,0
-3.4624508128466025,-1.4276683488792237,1
1.5749360495843314,0.15787297951805357,0
-3.8834192968977255,-2.4878993946995673,1
-2.6404667659744403,-0.45031256350572924,0
-4.828533384845827,-0.9515678422410847,1
-3.787590212218224,-2.403977943903561,1
-0.9223173192861958,-0.42353156553771787,0
-0.7769179666783858,2.6495695245815205,0
1.6290816870233824,1.877123058979382,0
-1.9212533712479107,1.5421441236292173,0
0.060516010243997664,0.5328490429928888,0
-1.7493293054785493,-0.30559770147657606,0
-2.6886899308804604,-1.311451758075533,1
-0.5131224504740812,0.3982960835859073,0
-0.1078013351504169,0.5894321769074159,0
-1.702801492755768,1.084800432380922,0
-3.024188399153415,1.7801896343330816,0
-4.4045412951722005,-0.8161440904886014,1
-2.743234313643966,-1.3927658982673312,1
-0.6752461388493991,1.167176516545696,0
-1.0424872387661162,0.6990065709873212,0
0.3453687655333112,1.4614932426236154,0
-0.5777244471583001,-1.8600218714154417,1
0.6537055668711231,1.5687671048509733,0
0.1447761744925362,-0.6205049342041409,0
-2.2410543189467305,-0.7822804871313457,1
-1.0795832263330838,1.5671047467439672,0
-0.5450336469043691,0.23983300865765278,0
0.04462463468276512,2.3421488069732153,0
-0.7868945571780233,1.060961471043952,0
-3.810923761668771,-1.757984542388417,1
0.306232898237625,0.7458234507421198,0
1.790456022599265,1.2430987213456959,0
-0.3137352728190095,-1.949248058602525,0
-0.5451602086778792,3.792960076293922,0
-0.1574298491621139,0.5588092539517038,0
0.2811092343124798,-0.5893612550747584,0
-1.100207329971787,1.7079915387374514,0
-3.8830850696692734,-0.887169545140525,1
-0.5457309252566919,1.4680259960828335,0
1.38899006698366,0.5184990586668963,0
2.310724473132504,3.92063657871919,0
-1.2722362169679338,0.920089246418528,0
1.458010454879517,0.5699918963618097,0
0.6769542913987869,0.5885338509439513,0
1.5388240896404315,1.0128744330639763,0
2.788955447063761,0.9987217496228507,0
-0.8345456812052483,1.5680281174792037,0
1.3043405717356584,2.0345154207475997,0
0.052036200673702404,1.1474238266335346,0
2.297591978086207,2.546372988467712,0
0.014888467231190194,2.2651262863825754,0
0.6113976167577528,0.785008858028607,0
-1.3124576497607237,2.3257025413258576,0
0.16155908811662834,1.1704093093791794,0
-1.0311498368377219,0.7321796985130493,0
-2.152194353604349,1.7295589972554106,0
0.9508298980291734,0.5594658401848785,0
-1.5228997582512347,-3.2894973460107884,1
0.38522351665000554,3.177757997378497,0
0.29064494875272706,0.3634704445650373,0
-2.014684247119196,-2.7730733842951847,1
0.10876827561293678,2.6657398889743003,0
-0.7564866571536211,1.7144950196809372,0
-1.0957936518774496,2.1596067264923677,0
-0.11622425836182232,0.8521219419572672,0
1.0118034295597935,2.712902161288122,0
0.7052836073285451,0.72786274578135,0
-0.3395003194956882,2.790276040938444,0
-5.014811760089124,-0.8219103175952231,1
2.326083698783339,0.24859690244325683,0
-0.9648592962085167,1.9789434342317418,0
0.6379085176825505,2.5351762462147454,0
2.1686575039301217,2.083307560877046,0
0.5935265178375226,0.46964526736269885,0
-1.4083860281821874,1.057534176999023,0
-1.508797836373287,2.3415020778921587,0
2.1876503444999282,-0.5905570429294635,0
-1.4096157259188862,0.6235570296150089,0
0.9433338136020215,0.4081504368697295,0
-3.160528568147564,1.9509957047966693,0
1.8810101376767476,-0.530756063288145,0
-1.9320492219395684,-0.09446946734900541,0
-0.3729195867431794,1.5196150038664067,0
-2.4980389020550913,-1.9724073349043239,1
0.25302806471867023,1.686244863083316,0
-4.4677616663387525,1.9457550431529116,0
-2.2878159250921897,0.7804201828168772,0
1.8467977041478902,0.7336644953837156,0
-2.9617150035039623,1.4385948133309954,0
-0.8655905889098541,0.9757220110386127,0
-1.272780206748517,2.442056992396514,0
-2.205383341953117,-0.5786384115912687,1
-1.6715492370394727,2.0779090288668414,0
-0.7514425149232278,2.368958412154785,0
-1.8455205996148998,2.0307428289332474,0
-0.24007833561975556,1.4766582002026452,0
-0.7136938023876198,2.841551247279182,0
0.8127863223987848,-2.598894620119139,0
-0.2701499238010669,1.2524181600972455,0
0.49538587427798786,3.5153787507547114,0
-0.24967784171685037,4.052278638075444,0
-0.7906521211148219,-1.5103363798257958,1
-3.349095413127227,-0.9174773957905868,1
-0.18521075399298542,0.022692508887315554,0
-1.4100110635977088,0.7923663699262492,0
-3.3931143931895753,-0.8871867254860359,0
-0.7613700518042572,1.5112943231253828,0
0.9118761606781876,1.1788209148386886,0
-0.03543553173573427,2.4264098592762173,0
1.2088960632040906,1.3523110964935037,0
0.7586330535132182,2.2489107260471988,0
0.9682087766507421,1.387328171388112,0
-2.147384618710496,3.608334115761933,0
-0.6790253188707538,0.37484822440083676,0
0.7553614500980876,1.8951897615375253,0
-2.352390018461248,3.620294893457283,0
-2.1611219749921347,-0.42032496802160213,0
-0.912933088157371,1.0766807200762947,0
-1.2432369198188227,1.1695249803845222,0
0.1167629330056058,2.6924161069794463,0
-0.28309420929652596,2.5911321481585965,0
-0.7788696660039469,2.405729417374232,0
1.2561280099569674,-0.33570106341826333,0
-2.2962611300165694,2.2546041693011234,0
1.9361262691733683,2.3201105283410706,0
1.79570260467177,-0.4817743541904662,0
-1.0257601433386911,0.4270171545337783,0
-0.4329687372963429,1.607267702561016,0
-4.0057382359504174,-0.25539260292436716,0
-0.6408569089972451,1.333060589719781,0
-0.4755538274982411,0.7640619989473268,0
0.013174046525622374,-1.0491488477598034,0
-0.7330643644861519,0.5368501445217143,0
-0.9857384069017048,0.49159743096245967,0
1.6598748584582754,2.286604369403485,0
-2.48171371616194,0.33123671383427744,0
-0.22700917389402897,0.37509184957136477,0
0.01937658056185032,0.027132804838029267,0
0.8526040106326822,4.165020501719484,0
-2.1817032226499697,1.41856368044037,0
-0.1395046740894627,-0.970277780635652,0
0.9931025175347716,1.2573336077466701,0
-1.324468679943378,1.6488624384655113,0
1.5284267590945393,4.402596206437324,0
1.135890740361176,2.2827689477683593,0
-0.596734227786095,0.8970210583227398,0
-0.3625985651627399,2.008351409346336,0
0.1372056187141899,1.2237037337255763,0
-3.756240820263436,-1.4264661378389252,0
0.1398613851679743,-0.49192097193197637,0
1.3778720352606457,0.6203609297897087,0
0.21288137390679762,0.7013507997504894,0
0.28514709259976145,1.8683138253941263,0
-0.981552057097504,1.4315335688363269,0
-1.3388596665159367,2.493879919796273,0
0.16635113505515975,3.545807350925425,0
-3.3727902064845097,-2.5071111378648308,1
-0.06953101499463588,0.9415943446850681,0
-0.8890779028437756,1.6486494823651094,0
1.2958176773035261,2.1051331322644415,0
-2.763323770063733,-0.10319149263784722,1
-4.526200116719644,0.04577762317158096,1
-1.892150864372802,1.6990007343151046,0
-1.5437720327440312,0.4813900806571474,0
-2.0835356878572986,4.506126204432766,0
-3.3323078133759085,-2.421254560139312,1
-0.7362882283005874,2.753247224121975,0
0.368698922952609,-0.6745309107765101,0
-2.304283281796227,2.4065151274802337,0
-0.06688322213363601,-0.032354405974726275,0
-3.4583553674430316,1.231435059361281,0
0.12262514352489318,1.0098565238743207,0
-2.0332497388436925,2.2814167516200428,0
-0.01006188535120739,1.2934161676722946,0
1.0088458587372868,-0.18059339228084714,0
-0.09720259779723728,2.7720831469761995,0
-0.47638213428725595,1.5522909970116974,0
-1.9763637064409028,0.277952494653428,0
0.9599750489218071,1.853517659970825,0
-0.28981978150237664,2.460966558104041,0
0.5127769950389653,1.1675444369189327,0
0.6113988697862969,1.1403217110795545,0
-4.38649427105672,-1.2693978371123358,1
1.6452484452097336,3.218352134649102,0
0.39133375485198274,0.8625139829258301,0
0.8167012111228249,-0.5975844980232856,0
0.627161946337526,-1.6700533452914188,0
1.1804234113324794,1.425738455286121,0
-1.1187230828382932,1.3557469530943045,0
-1.0109645570787813,-0.20141043233451028,0
0.014056078839558062,1.0253640627423557,0
-0.31732543488753384,-0.24338479391766454,0
0.9075529191428637,3.563656196590402,0
-0.14189275391801676,1.1008383291613457,0
-0.4830004292825151,3.182159597848377,0
-0.9851140652780048,0.3469864581945826,0
-1.5949529061037002,-0.20348591757877377,0
-0.544655208029905,2.670097636959029,0
0.7542830544979924,-1.2300506276802308,0
-0.7404086752641097,1.18967732636506,0
-0.2838033861805876,2.3335733934823852,0
-0.13893439168429855,1.0008255225014928,0
-0.3738153584359212,2.5198320499103137,0
-0.876339793817196,2.111976783666925,0
-3.8445091801601725,0.12415466718249957,1
-1.228307221934073,1.739209368902344,0
-2.4625489058586294,0.09054521130513593,1
-3.532145712216484,-1.4910585581570066,1
1.4415985973792786,1.3609619446761272,0
-1.8288070830086145,2.0600411222052974,0
-3.3332043289910906,2.104891626453048,0
-1.8488049904299302,2.274877161887751,0
0.7429763947274375,1.446417763096124,0
-2.674322521689168,2.3944857324236306,0
1.200199912891527,0.53596310073926,0
0.891813791320037,1.0492681446036285,0
1.9048354065737159,2.520690439235678,0
0.2313255041527944,0.12379018978501621,0
1.8579622472889659,0.6492101914523813,0
0.854182019110268,2.0671920437355005,0
-0.32360531626354616,2.8846182815125667,0
-1.0727660351516808,1.7425325203348105,0
-1.1870237120446232,0.7925349294374388,0
-3.447425557189446,-1.7967995670573742,1
-1.441144226659312,0.19384767974228123,0
0.9350397805763886,-0.2764995689574088,0
-0.756565610729398,3.7483597483507114,0
-2.074735434314183,2.330071186686575,0
-2.913244395565334,2.9289602002416153,0
0.3174621742244269,1.5335976860517782,0
0.006187089781278909,0.8607085700390725,0
-0.5298700144230681,0.3142368557330413,0
-0.5269351554142594,-0.49866400960877155,0
0.0558282576691046,1.3857514769370685,0
-3.157920520989578,-0.4906985689696062,1
-0.0957548289184963,5.114448352387989,0
-1.9453349056494436,1.2343139282220381,0
-0.8107786240621384,0.20957415054010076,0
1.8872649428600368,2.0556446727955566,0
1.032323314501761,3.4540215385967423,0
0.5396149621040698,1.1894353096102688,0
2.609321779249009,1.6409966645988043,0
-2.2017189070975682,0.6710349129091889,0
-1.8426698473444896,0.8807792588972956,0
-1.3604248203770652,-2.231002753277175,1
-1.5783933959255798,0.588764564719745,0
0.17216997053365712,-0.12738540742276916,0
-1.0210758837250573,-0.5980217148881763,0
0.16950644451257912,2.4457991752322785,0
-3.9612316928253373,0.7675897577293698,0
-3.066317156220544,0.5563364317960812,0
1.6453043283818536,1.884574220177849,0
-1.591908111153992,-2.7774177245954146,0
1.0593121224530702,3.5379193834370777,0
-1.1363306509126199,1.4966320115046297,0
0.5607780961090467,2.3365578693388356,0
0.24698357195922693,1.9172781598556132,0
1.4805575248831901,1.5851285246411213,0
-1.0371689434592621,1.9094768091705387,0
0.9304270795766998,2.821123368440088,0
0.23372145382017795,1.6349051805620007,0
0.269183331624523,0.4387480427565441,0
0.5928104662523002,2.5323796663475733,0
-0.915360345853839,1.3649300381012472,0
-1.080144992302399,-0.7081100081706266,1
-2.54416342445841,1.4527184036365923,0
0.8119691092330075,1.2694461904042482,0
-1.5458996473240503,1.3857271607379824,0
-2.8221547303441867,1.7923484712443876,0
0.08741509286464288,2.1376151682319926,0
0.4841416661635558,2.233223718633166,0
-0.5574946636752539,1.037593463994927,0
0.6175469159338491,-0.4444889327795596,0
-1.0475820215925642,1.4343506891345223,0
-1.0503461254125512,3.2091295414662633,0
0.29045715581043186,4.303779856717281,0
